date,Adj Close,Close,High,Low,Open,Volume
2025-01-01,195.572981,194.0,204.76,190.77,199.77,101654947
2025-01-01,245.744848,246.14,251.0,238.65,241.11,126165830
2025-01-01,171.484754,174.82,181.27,172.62,178.15,59776813
2025-01-02,220.156712,218.05,224.11,214.78,216.54,131272747
2025-01-02,246.000954,246.89,253.9,239.31,246.96,35982991
2025-01-02,185.409736,182.72,187.57,181.36,183.6,43100013
2025-01-03,193.568894,192.56,208.87,192.09,201.62,141232805
2025-01-03,231.686662,227.72,240.74,227.67,238.85,117590731
2025-01-03,183.988969,186.49,186.52,180.74,183.7,57234054
2025-01-04,190.844497,192.81,193.48,182.85,187.06,90798343
2025-01-04,260.483018,259.61,262.03,250.07,258.51,115933281
2025-01-04,175.826857,174.36,178.59,167.7,172.15,117882782
2025-01-05,198.832445,199.67,204.46,197.86,201.85,145233226
2025-01-05,246.01487,244.73,249.63,237.38,248.0,82836983
2025-01-05,203.736846,200.22,202.73,191.59,194.25,103470843
2025-01-06,201.34152,200.67,203.25,193.52,199.6,50865583
2025-01-06,253.306552,252.48,253.55,241.02,249.95,107785838
2025-01-06,182.315638,183.51,184.88,173.66,178.33,80886159
2025-01-07,199.264898,203.3,211.15,198.5,203.29,117768642
2025-01-07,250.860648,253.12,262.86,243.85,254.42,127914828
2025-01-07,175.383654,172.09,178.26,170.1,175.28,145436629
2025-01-08,204.664518,203.1,207.78,195.94,205.78,135631636
2025-01-08,241.897567,243.2,247.61,236.04,243.3,83696035
2025-01-08,173.001194,173.21,175.63,165.19,172.63,127108208
2025-01-09,197.1418,199.52,209.2,197.46,199.27,36211893
2025-01-09,243.326876,239.85,248.44,233.25,240.9,119953305
2025-01-09,192.917515,193.74,196.13,186.3,194.46,138130570
2025-01-10,207.304545,203.73,206.07,191.09,196.69,131194845
2025-01-10,259.026742,260.18,271.24,255.42,258.38,64780809
2025-01-10,166.137531,163.14,176.55,162.4,168.37,43858982
2025-01-11,206.099417,204.37,205.68,190.14,198.85,109265177
2025-01-11,253.302835,257.14,262.16,252.39,259.56,55518221
2025-01-11,180.071342,181.15,183.05,173.35,180.49,98718101
2025-01-12,198.057293,201.05,208.67,191.89,199.06,87161970
2025-01-12,244.839522,242.03,254.76,238.95,250.1,127257208
2025-01-12,184.339597,182.17,184.18,179.43,181.55,113658471
2025-01-13,196.469272,199.51,202.44,184.9,193.34,35724459
2025-01-13,258.040341,261.95,267.12,256.75,261.88,78396492
2025-01-13,190.410875,187.42,190.06,181.07,182.94,69717583
2025-01-14,204.750034,202.46,205.81,194.8,200.44,120242644
2025-01-14,263.239044,268.39,268.41,254.77,258.69,81812631
2025-01-14,171.605004,169.42,175.44,166.89,172.32,46442907
2025-01-15,194.280824,196.68,202.03,195.51,199.18,44120284
2025-01-15,254.402082,254.93,259.1,242.67,252.53,121228391
2025-01-15,178.476095,181.29,183.41,174.35,177.53,66049290
2025-01-16,190.409655,191.73,205.83,190.23,198.73,111462644
2025-01-16,244.792474,240.47,248.48,239.78,243.78,106354096
2025-01-16,182.021804,182.6,186.48,173.04,181.01,82788440
2025-01-17,207.549336,204.34,207.07,200.34,202.78,76338260
2025-01-17,258.088886,257.27,262.13,243.92,256.16,62372723
2025-01-17,174.917162,175.28,184.82,168.57,176.7,58680332
2025-01-18,189.953882,189.24,202.77,187.47,196.55,71826876
2025-01-18,251.683641,251.16,256.27,248.75,253.42,76712587
2025-01-18,171.134681,172.42,176.28,166.03,173.38,70866214
2025-01-19,199.187007,200.46,214.14,196.77,205.54,147355696
2025-01-19,246.069027,245.14,247.71,238.31,243.05,93644995
2025-01-19,187.114609,183.59,193.92,176.26,185.3,115481910
2025-01-20,203.407156,200.14,204.23,191.22,197.45,124509720
2025-01-20,250.891921,249.82,257.46,245.86,251.58,80710841
2025-01-20,181.693438,180.39,190.72,176.56,181.74,32599085
2025-01-21,195.449503,196.83,201.06,188.82,196.23,139417410
2025-01-21,239.446522,238.14,248.17,235.86,244.57,107444954
2025-01-21,175.359475,176.34,188.94,173.33,180.89,126623649
2025-01-22,206.485717,208.28,211.85,204.97,207.26,57186396
2025-01-22,261.307374,258.5,271.94,248.09,259.9,81631135
2025-01-22,180.302646,177.8,182.3,172.19,179.48,81794158
2025-01-23,196.912325,198.47,199.83,194.13,198.53,125009412
2025-01-23,242.16647,244.73,256.28,238.79,246.37,51275729
2025-01-23,180.869599,181.68,184.36,178.67,183.28,95400369
2025-01-24,208.044014,204.65,213.95,198.42,204.33,147589409
2025-01-24,246.083748,244.58,253.35,237.46,249.35,97166333
2025-01-24,187.626455,186.48,189.99,179.83,182.28,79729475
2025-01-25,202.670599,199.0,207.37,193.18,198.82,99799964
2025-01-25,249.513339,245.9,249.53,235.95,244.79,145175807
2025-01-25,185.979156,188.2,188.79,177.05,181.73,80055262
2025-01-26,207.315441,207.34,218.56,206.79,208.85,102710429
2025-01-26,246.079351,243.62,262.09,241.54,250.0,139319684
2025-01-26,178.05972,177.75,178.18,167.88,176.11,56656736
2025-01-27,199.38087,200.28,202.37,191.61,199.39,30032421
2025-01-27,262.658026,260.23,266.82,251.8,256.04,34115692
2025-01-27,177.782325,175.24,179.18,175.19,178.15,149058563
2025-01-28,194.612323,196.36,205.92,194.11,204.12,70228149
2025-01-28,255.106583,251.35,264.3,244.77,254.72,82196901
2025-01-28,181.208043,180.96,183.67,178.72,181.16,83655646
2025-01-29,206.684543,208.75,208.84,205.37,207.6,140914902
2025-01-29,245.346367,247.21,259.33,244.93,250.27,48041302
2025-01-29,187.603722,188.84,193.45,182.17,184.72,102060059
2025-01-30,208.013673,204.23,208.2,200.28,204.04,78130215
2025-01-30,247.186165,247.93,253.92,246.83,248.7,144330269
2025-01-30,180.77755,178.54,188.36,176.83,181.95,37647179
2025-01-31,203.352257,203.67,205.83,197.53,204.64,125464657
2025-01-31,240.958942,237.04,241.63,229.76,238.05,90065548
2025-01-31,183.191266,180.84,180.99,176.3,177.96,149284800
2025-02-01,199.316153,201.31,202.65,195.15,200.7,140056895
2025-02-01,247.407756,244.84,256.55,239.78,246.83,149422183
2025-02-01,170.079637,171.7,185.56,169.49,176.82,98304319
2025-02-02,200.499732,197.79,201.24,195.66,198.93,74325555
2025-02-02,248.905687,251.39,254.03,243.07,250.65,92582312
2025-02-02,168.253396,168.74,178.58,168.58,176.46,89278617
2025-02-03,201.043178,197.95,205.61,191.09,199.74,39982412
2025-02-03,252.378097,252.18,255.85,241.71,251.16,114591832
2025-02-03,170.55807,170.56,184.2,168.58,175.82,137761008
2025-02-04,211.982999,209.74,213.9,200.44,209.53,149771111
2025-02-04,261.333972,257.66,258.0,239.4,246.79,134745891
2025-02-04,177.077632,174.12,175.63,170.27,171.82,142889818
2025-02-05,188.391669,189.4,204.06,189.26,198.74,123327210
2025-02-05,256.539544,254.0,259.27,246.54,248.82,113088216
2025-02-05,176.81149,175.16,181.96,174.97,177.72,99312111
2025-02-06,214.053821,210.86,214.55,203.57,205.44,111037907
2025-02-06,255.011223,250.65,253.01,247.54,250.48,95558205
2025-02-06,181.303,178.82,182.36,178.36,179.63,49129418
2025-02-07,195.003915,197.01,200.39,194.32,198.82,54117343
2025-02-07,242.947452,245.17,264.04,244.97,256.25,128903066
2025-02-07,176.835747,177.99,185.2,175.73,181.18,32603244
2025-02-08,202.23234,204.23,205.24,191.19,200.48,87909956
2025-02-08,243.008161,244.88,259.49,244.35,249.81,63350739
2025-02-08,169.657302,169.27,178.43,169.25,173.67,106359585
2025-02-09,199.443518,197.54,209.27,197.05,201.8,128136312
2025-02-09,251.098447,251.28,252.37,244.05,249.61,147253937
2025-02-09,185.776171,185.57,186.2,183.4,185.27,91402565
2025-02-10,193.724525,196.24,199.23,185.14,194.85,138444292
2025-02-10,240.130005,240.06,248.73,237.65,247.39,50631258
2025-02-10,182.307544,180.72,192.54,176.99,186.09,32452888
2025-02-11,198.318642,199.44,201.01,196.46,197.58,32853114
2025-02-11,253.71371,254.45,258.92,244.36,249.51,62623512
2025-02-11,207.698156,203.91,206.68,197.68,200.43,89690098
2025-02-12,197.255425,194.45,205.71,187.08,195.99,76434924
2025-02-12,237.238906,240.41,244.31,231.23,239.17,70550444
2025-02-12,192.504914,189.9,190.43,183.47,188.94,45713959
2025-02-13,214.441762,213.36,216.58,200.12,206.42,44188230
2025-02-13,263.737128,265.45,269.73,252.52,265.31,115891337
2025-02-13,178.597273,175.6,184.13,170.54,178.21,81035215
2025-02-14,202.440765,204.54,213.8,203.17,209.29,61730689
2025-02-14,238.220127,236.97,254.1,236.54,248.58,108200642
2025-02-14,186.575901,183.56,187.35,181.13,185.56,126833009
2025-02-15,190.183887,191.7,204.11,189.02,196.28,138658526
2025-02-15,252.783843,250.87,257.91,246.17,249.34,134065992
2025-02-15,184.047513,186.49,188.95,179.43,186.01,125075433
2025-02-16,192.347282,191.57,196.33,183.47,192.44,81036069
2025-02-16,259.176605,257.42,257.77,246.92,253.6,127846671
2025-02-16,180.475192,183.46,185.67,181.65,183.72,85932921
2025-02-17,204.015242,201.71,216.59,201.31,206.3,72957494
2025-02-17,260.821173,265.25,265.56,261.84,263.6,66996417
2025-02-17,180.98554,183.04,187.7,173.31,179.54,59221091
2025-02-18,191.366162,193.22,195.16,185.68,193.92,67364710
2025-02-18,239.130388,239.48,251.93,236.81,248.29,147128326
2025-02-18,184.446111,187.79,187.8,180.32,184.3,68824309
2025-02-19,200.805242,198.65,209.32,193.02,199.94,56142185
2025-02-19,261.235488,263.69,264.41,247.98,258.7,81398335
2025-02-19,183.681813,183.52,185.87,173.74,179.18,59784398
2025-02-20,203.122829,206.73,207.47,193.39,200.02,54677597
2025-02-20,257.400892,255.22,263.72,248.5,251.84,126722677
2025-02-20,192.932799,190.81,193.69,178.97,184.61,44708589
2025-02-21,193.636388,194.43,203.1,191.21,197.39,122109827
2025-02-21,234.529112,234.24,249.7,233.23,238.92,83979872
2025-02-21,188.626343,187.88,190.05,180.93,183.69,46739046
2025-02-22,200.777472,198.62,207.04,196.07,201.82,84877331
2025-02-22,243.363887,246.56,256.99,236.42,248.05,93794754
2025-02-22,177.141467,178.14,178.46,172.64,176.12,94865474
2025-02-23,186.042074,186.51,194.88,178.09,187.16,139551889
2025-02-23,241.687334,243.91,259.45,241.43,248.35,69869778
2025-02-23,178.240534,178.67,184.04,171.17,179.97,87180041
2025-02-24,203.00895,203.31,206.64,195.15,197.53,31589391
2025-02-24,267.645139,271.05,279.55,261.58,268.81,119322930
2025-02-24,180.592328,181.03,182.02,174.96,178.32,53961134
2025-02-25,199.181355,200.86,207.05,196.95,201.36,72964114
2025-02-25,246.863658,242.56,265.65,241.59,253.92,128338478
2025-02-25,174.314968,173.97,175.56,166.69,173.12,146686945
2025-02-26,194.259077,195.3,204.26,194.28,199.23,86928259
2025-02-26,253.058945,258.06,261.43,247.98,250.54,95116357
2025-02-26,176.853715,176.97,183.05,174.88,179.23,70541716
2025-02-27,207.085413,206.16,213.96,201.64,204.18,110554669
2025-02-27,235.116299,237.91,244.35,234.05,240.6,127070909
2025-02-27,179.516668,179.58,183.27,169.17,177.11,44163539
2025-02-28,196.411272,197.9,200.01,188.32,193.83,33112910
2025-02-28,256.662857,260.6,265.92,252.82,258.02,98809411
2025-02-28,190.668279,191.42,195.93,185.78,190.92,99651258
2025-03-01,211.918537,211.42,216.64,201.64,207.22,119998486
2025-03-01,260.188647,257.33,260.25,252.9,256.42,95445595
2025-03-01,191.349396,192.08,193.01,182.63,184.56,36554544
2025-03-02,203.948556,204.45,205.48,191.66,198.81,90189023
2025-03-02,248.671046,250.94,256.03,246.12,251.58,86799498
2025-03-02,180.234689,179.69,181.56,174.74,179.87,72797567
2025-03-03,182.035349,183.96,186.7,177.54,182.81,47746412
2025-03-03,255.661723,253.08,254.63,240.51,248.38,44421421
2025-03-03,178.302356,175.22,186.27,174.09,182.25,101858513
2025-03-04,206.191274,202.51,211.57,193.37,202.89,91022041
2025-03-04,241.854186,238.02,244.16,226.93,236.96,144893075
2025-03-04,174.720488,176.44,180.31,175.32,178.72,85097294
2025-03-05,198.891465,198.07,207.38,194.88,198.57,107368929
2025-03-05,250.179185,249.25,259.35,241.29,251.86,55231306
2025-03-05,178.965794,177.98,187.67,175.99,179.0,146469786
2025-03-06,193.174861,194.02,204.29,192.22,199.23,39568666
2025-03-06,239.099509,242.7,252.68,241.13,244.55,118991716
2025-03-06,183.939529,181.25,191.01,174.68,182.14,62503571
2025-03-07,213.92773,210.08,213.5,206.79,209.04,77391770
2025-03-07,240.243333,240.59,251.78,234.31,240.81,86382760
2025-03-07,183.18513,186.09,187.8,183.63,185.77,94859281
2025-03-08,211.205747,209.5,212.74,193.98,203.39,137502781
2025-03-08,253.043231,250.2,257.12,245.28,250.77,78140735
2025-03-08,177.244944,178.73,179.53,171.55,176.13,98498725
2025-03-09,201.810055,205.39,206.12,191.4,200.24,139065150
2025-03-09,254.271781,256.54,256.56,237.88,247.86,117103925
2025-03-09,173.902001,175.51,184.96,173.27,180.31,45551937
2025-03-10,190.099324,191.23,206.52,190.06,197.95,49159386
2025-03-10,257.500611,254.85,260.18,240.92,253.12,137012464
2025-03-10,180.524156,183.14,183.79,170.88,178.35,149124569
2025-03-11,202.292536,204.54,212.87,194.49,203.9,78348662
2025-03-11,257.939127,257.33,257.72,251.0,254.41,124618297
2025-03-11,186.347748,186.51,194.26,180.9,189.29,68102971
2025-03-12,220.779483,219.92,223.21,209.95,216.72,143310714
2025-03-12,251.995244,255.37,257.17,241.69,254.01,137578796
2025-03-12,188.617288,189.62,194.35,184.0,188.81,60571067
2025-03-13,212.800616,214.8,219.26,208.06,210.37,95722036
2025-03-13,232.231783,230.41,244.69,230.38,241.21,102899968
2025-03-13,180.101186,183.45,187.44,181.55,184.21,147267982
2025-03-14,198.399411,195.14,195.82,191.13,194.02,49379513
2025-03-14,289.595965,286.31,289.77,278.23,283.97,102852150
2025-03-14,184.185837,181.31,182.44,170.48,178.26,88733668
2025-03-15,200.543863,198.18,208.4,194.97,198.53,123918060
2025-03-15,251.998394,251.22,253.16,241.31,245.32,54806463
2025-03-15,179.03274,181.44,182.07,174.91,180.94,142352185
2025-03-16,203.981656,203.88,215.27,201.54,207.19,40052599
2025-03-16,259.457091,256.7,263.81,255.34,257.67,131570854
2025-03-16,183.958843,184.83,186.84,170.42,178.34,105433420
2025-03-17,188.063512,184.6,195.99,182.28,189.85,74344977
2025-03-17,259.31468,264.46,264.82,250.81,258.99,55336332
2025-03-17,189.694304,188.67,188.8,179.58,187.46,132136518
2025-03-18,197.27192,200.3,203.14,198.8,199.99,89463666
2025-03-18,249.148284,245.93,248.79,240.54,247.06,79731867
2025-03-18,181.356479,182.63,194.33,181.63,186.21,48215268
2025-03-19,213.763014,211.98,218.24,201.63,208.32,107013545
2025-03-19,270.046531,269.99,280.98,263.88,270.96,104596740
2025-03-19,185.55796,184.79,189.91,174.65,181.56,85127789
2025-03-20,205.636814,208.5,211.09,200.7,202.22,120680738
2025-03-20,262.482496,262.81,273.72,250.7,263.54,59638217
2025-03-20,181.470152,179.31,182.95,178.43,181.29,104637998
2025-03-21,189.480929,187.29,190.63,182.41,185.13,83683122
2025-03-21,246.186153,242.86,243.18,234.94,241.76,128867805
2025-03-21,197.490055,195.54,195.61,181.74,190.96,83093349
2025-03-22,195.075844,196.55,198.28,191.14,196.72,69659840
2025-03-22,260.721467,265.71,267.33,256.3,257.74,101016668
2025-03-22,180.872646,181.66,182.31,172.03,180.46,123897495
2025-03-23,211.651855,209.97,219.15,205.5,215.47,59564220
2025-03-23,248.605655,249.57,253.69,242.5,244.61,87355450
2025-03-23,185.320686,187.22,188.35,178.97,183.73,120387025
2025-03-24,201.06152,198.81,212.42,194.51,203.0,116690777
2025-03-24,241.898205,242.56,250.92,236.94,242.32,63269438
2025-03-24,176.036048,178.03,187.56,177.15,185.01,70556513
2025-03-25,203.648115,206.18,209.02,197.37,199.63,104389185
2025-03-25,255.931023,257.45,258.65,243.48,249.27,110490647
2025-03-25,176.676803,177.04,183.09,176.92,181.72,46243633
2025-03-26,205.224752,209.02,214.93,200.32,207.5,121882505
2025-03-26,250.210181,249.95,250.29,244.0,246.01,33300830
2025-03-26,178.153092,179.21,188.74,177.69,180.63,117773262
2025-03-27,197.363714,199.23,205.39,194.13,197.64,56169383
2025-03-27,263.551397,263.17,269.19,256.44,260.86,74141297
2025-03-27,179.138901,176.56,191.39,175.18,182.43,95844762
2025-03-28,192.21154,193.62,202.76,193.26,200.0,85325288
2025-03-28,247.506482,247.45,251.56,231.2,243.25,32666065
2025-03-28,173.240785,171.08,180.06,171.02,177.05,94083507
2025-03-29,207.732513,207.88,208.92,198.72,203.71,75778900
2025-03-29,255.81268,257.93,269.25,248.33,256.56,66123367
2025-03-29,191.507457,188.81,190.11,183.42,187.48,132480378
2025-03-30,192.570477,195.83,200.92,195.1,199.9,90513887
2025-03-30,241.692082,244.24,249.88,240.11,246.98,58996993
2025-03-30,179.757837,178.47,182.57,177.77,179.52,43323135
2025-03-31,198.304545,199.05,209.18,197.4,206.66,92906186
2025-03-31,238.889716,241.78,257.04,238.67,245.05,63302596
2025-03-31,177.991203,177.33,183.69,173.5,178.93,95216403
2025-04-01,196.972808,199.13,201.92,194.56,196.1,66198004
2025-04-01,237.128279,240.66,251.2,236.16,245.07,67385553
2025-04-01,163.347049,166.4,166.87,157.67,163.16,66245938
2025-04-02,192.285348,189.07,201.55,188.52,196.57,109352451
2025-04-02,250.303617,250.64,256.85,245.09,246.52,94799550
2025-04-02,183.58704,180.85,190.88,175.93,182.51,143640713
2025-04-03,197.516892,201.19,211.81,193.43,203.41,127049526
2025-04-03,253.487952,249.8,255.5,235.83,245.48,62331931
2025-04-03,184.055514,183.18,184.77,174.55,178.69,149614844
2025-04-04,209.57863,205.86,205.91,195.21,201.01,39284933
2025-04-04,235.017441,231.95,249.32,229.66,241.51,71857691
2025-04-04,172.183969,174.93,182.95,173.28,179.85,76788671
2025-04-05,200.433806,198.93,206.24,194.87,203.69,99478748
2025-04-05,236.678059,241.33,253.09,240.93,245.62,35992295
2025-04-05,179.546063,179.3,181.09,172.0,177.67,82329422
2025-04-06,212.451219,208.43,210.48,200.12,202.0,76055219
2025-04-06,256.334095,259.46,260.56,243.58,249.13,38507145
2025-04-06,181.209197,181.38,185.77,172.59,178.74,32081754
2025-04-07,199.330692,197.73,205.66,196.28,200.68,114859401
2025-04-07,248.58868,249.11,258.83,243.71,256.19,84559077
2025-04-07,173.86534,177.12,181.71,176.31,179.15,131632221
2025-04-08,193.305577,194.09,201.58,193.83,198.67,63232097
2025-04-08,248.879884,248.39,261.6,247.96,257.97,126065081
2025-04-08,181.409237,178.04,190.49,177.19,182.0,44528296
2025-04-09,208.724811,210.55,216.76,203.21,208.33,46475388
2025-04-09,229.516644,225.54,236.73,223.87,234.4,79189863
2025-04-09,183.071109,183.28,188.79,181.6,184.97,145900942
2025-04-10,208.954681,205.12,207.41,194.58,202.43,98984527
2025-04-10,256.155973,251.19,262.87,242.66,254.88,58672016
2025-04-10,186.926485,184.7,190.48,176.19,181.41,84346879
2025-04-11,199.513033,197.59,205.92,196.61,199.35,80222092
2025-04-11,256.862671,260.17,262.29,247.0,253.56,125124111
2025-04-11,176.921445,176.23,182.58,167.32,175.33,30486828
2025-04-12,198.666824,197.44,206.94,195.21,202.82,33821554
2025-04-12,256.481531,255.76,261.32,247.96,255.78,146518793
2025-04-12,165.818793,168.53,169.0,166.63,167.52,69589117
2025-04-13,211.534078,209.12,211.63,198.95,202.42,132102981
2025-04-13,240.987654,243.23,251.75,240.74,244.99,136643159
2025-04-13,179.451803,182.62,183.19,172.02,175.36,59818079
2025-04-14,209.528565,206.12,208.89,192.57,202.21,87189045
2025-04-14,248.769182,251.9,253.09,239.01,250.67,49639343
2025-04-14,182.224741,181.2,182.16,171.59,176.65,47574364
2025-04-15,200.622247,197.01,201.6,192.87,196.54,48892592
2025-04-15,253.441769,254.94,262.99,242.34,251.48,33903583
2025-04-15,184.002093,185.2,186.86,173.94,180.33,117665421
2025-04-16,194.17349,196.18,200.56,190.26,197.18,39724753
2025-04-16,259.015613,258.71,258.88,248.56,252.46,110087467
2025-04-16,168.87227,169.97,181.19,169.74,177.74,88467883
2025-04-17,210.81583,208.67,209.4,204.34,206.64,107378148
2025-04-17,274.126179,270.14,273.82,259.69,265.93,43642439
2025-04-17,173.855801,173.89,183.33,169.0,177.54,52967425
2025-04-18,209.576753,213.42,221.4,207.51,211.45,88576278
2025-04-18,236.870164,238.55,250.33,236.48,247.53,39212634
2025-04-18,173.352838,176.21,177.37,174.28,175.95,109215353
2025-04-19,204.394277,204.8,208.75,203.17,207.69,68830303
2025-04-19,249.418735,253.44,256.85,248.28,252.27,34027602
2025-04-19,174.81856,176.21,182.49,172.4,179.38,65906979
2025-04-20,210.886533,206.8,207.92,199.31,204.45,116792992
2025-04-20,256.747221,253.67,261.62,237.15,249.57,109681063
2025-04-20,195.277316,194.43,201.23,190.02,191.85,88091939
2025-04-21,197.171467,194.72,196.72,188.59,195.67,148514076
2025-04-21,246.047935,245.42,246.88,243.9,245.47,52632704
2025-04-21,184.802808,182.87,184.56,170.38,179.3,123040666
2025-04-22,190.886058,188.76,194.05,187.64,189.26,149058247
2025-04-22,233.50996,235.29,239.15,230.27,237.15,90845330
2025-04-22,186.827698,185.11,185.13,173.11,180.76,110652727
2025-04-23,208.465818,205.85,213.56,197.21,205.22,90530023
2025-04-23,257.717546,260.76,265.08,251.62,255.81,53535680
2025-04-23,178.240132,180.19,180.47,168.25,176.83,35535863
2025-04-24,195.297542,199.06,203.82,197.83,200.89,75602126
2025-04-24,252.39679,249.87,258.46,248.16,251.5,141325495
2025-04-24,175.829724,175.93,184.23,171.71,176.64,118663691
2025-04-25,209.876243,206.52,209.84,198.88,201.52,40931412
2025-04-25,253.092193,253.2,256.31,246.21,249.61,67754180
2025-04-25,176.344405,173.11,176.13,170.95,174.71,55612641
2025-04-26,202.30552,204.3,205.85,191.0,198.54,98154145
2025-04-26,252.098449,255.44,261.65,252.25,254.16,141842108
2025-04-26,178.048148,177.65,182.59,176.81,180.36,91954303
2025-04-27,197.192236,194.11,198.56,187.21,193.25,72595983
2025-04-27,239.904926,240.79,251.92,240.67,250.13,126576221
2025-04-27,174.52465,177.84,183.26,176.78,179.43,86193815
2025-04-28,208.724999,209.82,210.87,201.45,203.55,140764996
2025-04-28,267.052753,262.18,264.67,249.64,259.47,46333618
2025-04-28,182.254108,183.63,192.21,179.7,183.51,60292529
2025-04-29,193.61404,197.56,199.5,188.37,194.22,106955809
2025-04-29,243.617065,242.43,257.24,236.9,245.06,64979466
2025-04-29,181.661523,184.62,194.97,179.95,185.86,147703998
2025-04-30,200.228962,197.63,202.22,191.06,195.21,130975762
2025-04-30,238.91494,242.11,244.99,238.58,239.93,83989070
2025-04-30,173.412783,174.76,181.27,171.47,178.7,110844152
2025-05-01,199.719488,196.56,198.08,190.09,196.41,41516691
2025-05-01,264.007349,261.66,263.03,244.83,257.15,113917277
2025-05-01,185.763437,182.8,189.38,180.84,186.32,118173822
2025-05-02,196.854145,195.97,198.71,190.72,196.27,83110369
2025-05-02,246.546516,244.53,249.18,242.86,245.84,48045392
2025-05-02,180.177586,183.54,188.14,178.23,180.41,53140216
2025-05-03,191.77034,192.46,201.16,189.5,198.65,141549834
2025-05-03,261.704856,259.99,267.26,252.15,260.05,62555290
2025-05-03,172.237522,173.77,176.6,171.9,173.57,118023852
2025-05-04,204.908811,202.49,203.01,188.74,197.72,63184688
2025-05-04,267.68606,269.57,279.8,263.78,266.84,102976408
2025-05-04,174.114312,173.33,179.27,170.16,176.28,81468949
2025-05-05,187.683914,185.89,195.36,185.46,193.69,101795108
2025-05-05,252.034336,247.14,249.81,240.62,245.38,49627086
2025-05-05,177.574163,178.18,187.63,172.48,178.89,126262728
2025-05-06,197.10463,196.36,198.03,191.84,194.62,77328349
2025-05-06,241.665165,238.26,245.33,234.49,241.38,141419651
2025-05-06,184.244377,180.91,194.94,176.92,185.86,30603821
2025-05-07,208.877779,208.23,215.46,204.3,205.67,43244043
2025-05-07,243.754667,239.46,240.2,227.91,238.25,35199141
2025-05-07,185.130727,187.94,188.4,172.54,180.57,35035406
2025-05-08,202.928303,202.7,210.79,196.75,202.16,92518644
2025-05-08,233.538044,237.77,240.55,228.58,237.13,67023158
2025-05-08,181.562729,182.55,185.2,174.55,181.51,130450053
2025-05-09,187.711682,190.82,195.32,188.93,194.09,112165286
2025-05-09,261.633412,259.01,268.14,252.69,258.86,129254456
2025-05-09,175.186026,174.02,183.39,171.18,176.07,41465792
2025-05-10,215.92377,212.08,214.21,208.51,209.86,108526007
2025-05-10,241.802955,244.59,255.51,242.52,246.58,46959417
2025-05-10,184.267921,184.09,186.32,180.88,181.87,89136723
2025-05-11,200.958467,197.85,212.74,195.3,204.3,113749665
2025-05-11,254.050285,255.44,258.69,243.32,250.98,43996036
2025-05-11,172.234783,175.33,182.53,171.89,176.37,124095955
2025-05-12,198.205418,201.32,202.66,192.17,198.03,99122730
2025-05-12,232.81102,232.28,242.35,231.44,238.93,75414074
2025-05-12,182.904958,184.43,191.09,176.31,182.73,135653309
2025-05-13,198.259014,196.57,207.01,196.01,200.29,125387766
2025-05-13,249.711649,245.5,255.15,244.35,250.94,114560007
2025-05-13,186.39735,183.33,186.79,181.94,185.03,129104935
2025-05-14,194.886711,198.08,199.51,194.38,195.43,138799213
2025-05-14,251.893821,254.63,264.48,242.89,254.9,82576274
2025-05-14,172.058132,175.47,182.02,171.81,179.16,68316046
2025-05-15,212.726982,211.78,214.12,194.01,204.12,92157656
2025-05-15,239.06951,241.3,244.82,239.12,242.02,123105454
2025-05-15,186.960851,183.51,193.59,179.61,185.03,116743952
2025-05-16,211.100247,214.56,214.85,205.59,207.29,91896029
2025-05-16,262.969267,262.56,265.67,255.46,260.98,61054567
2025-05-16,186.910285,189.88,192.37,182.06,184.21,117741969
2025-05-17,211.627875,208.43,209.25,201.21,202.36,87583397
2025-05-17,247.43285,248.01,260.88,241.71,254.26,133314494
2025-05-17,180.640927,181.51,186.93,179.72,180.88,46495052
2025-05-18,198.102385,198.11,199.27,193.69,197.17,36599354
2025-05-18,235.516272,238.42,249.87,231.2,241.15,88863256
2025-05-18,181.662284,183.37,184.01,179.54,181.65,55415642
2025-05-19,208.148634,208.16,211.17,202.81,204.62,41157916
2025-05-19,249.822033,247.86,260.89,246.43,251.59,117696533
2025-05-19,176.548678,175.43,182.83,174.12,180.83,111015413
2025-05-20,202.601442,205.71,207.99,199.28,200.86,127173948
2025-05-20,251.296779,254.96,255.72,244.59,247.15,53384638
2025-05-20,186.021645,186.59,187.73,174.42,179.5,133276802
2025-05-21,202.732249,198.98,205.85,196.16,201.38,33641265
2025-05-21,255.229466,254.94,256.13,245.42,248.9,143016837
2025-05-21,185.928976,188.86,193.52,184.31,188.93,42011728
2025-05-22,197.269687,196.64,201.08,191.13,199.74,143353680
2025-05-22,263.068041,260.71,261.08,246.68,249.82,95466826
2025-05-22,182.864181,183.17,188.31,175.73,179.43,108540976
2025-05-23,197.868076,195.64,200.78,186.29,195.4,95180520
2025-05-23,263.461432,261.68,266.32,254.15,264.6,84223890
2025-05-23,181.340379,178.23,178.57,169.95,171.19,63193175
2025-05-24,201.845555,198.73,199.02,195.47,197.83,68292248
2025-05-24,235.177162,238.9,252.16,235.31,240.4,88543962
2025-05-24,177.922351,177.21,181.59,175.44,177.36,122410965
2025-05-25,203.980604,200.69,205.57,192.61,199.36,54359151
2025-05-25,255.211762,252.02,256.25,247.22,249.47,55002234
2025-05-25,181.448515,184.34,184.36,173.9,180.53,36279987
2025-05-26,190.631386,189.2,195.9,187.05,194.4,130462637
2025-05-26,269.402736,271.9,274.79,257.97,268.52,40650944
2025-05-26,185.338272,184.8,188.09,171.15,179.33,61375758
2025-05-27,197.131903,200.61,200.78,183.74,193.05,80869281
2025-05-27,255.962097,251.11,252.66,239.71,246.8,83423108
2025-05-27,178.183051,180.49,182.93,175.77,178.33,35010857
2025-05-28,192.978018,195.75,197.3,191.06,195.97,85523350
2025-05-28,237.341178,239.97,251.94,239.5,250.47,79311303
2025-05-28,173.342763,175.69,178.27,174.96,175.94,65590333
2025-05-29,204.745614,202.37,202.4,197.83,201.21,66228266
2025-05-29,233.035091,236.59,240.3,226.77,234.6,123947780
2025-05-29,181.153557,182.3,188.58,180.34,182.38,86089262
2025-05-30,203.519241,204.24,206.52,201.96,204.78,71538128
2025-05-30,240.173503,237.19,241.75,230.64,235.27,145594933
2025-05-30,177.983653,177.9,178.43,170.06,174.09,81480402
2025-05-31,205.531556,202.79,209.15,201.86,205.7,55693204
2025-05-31,239.664752,244.51,249.31,242.32,245.57,52436602
2025-05-31,190.243939,190.84,194.45,183.83,188.27,72246491
2025-06-01,188.046076,187.51,194.27,179.41,187.53,119302080
2025-06-01,261.654072,258.0,263.18,249.62,252.36,113690232
2025-06-01,186.393537,187.21,189.01,178.36,182.07,34707696
2025-06-02,192.196432,193.24,206.97,190.78,199.68,80524602
2025-06-02,245.391013,249.84,250.91,240.21,246.31,46014409
2025-06-02,184.255441,184.93,186.96,174.56,179.52,126437752
2025-06-03,195.202361,196.47,206.45,191.16,197.52,60179247
2025-06-03,265.926257,261.85,265.45,253.38,261.83,131843320
2025-06-03,182.859598,181.63,182.57,172.98,175.75,47215855
2025-06-04,202.702521,203.6,205.89,199.03,200.67,112811007
2025-06-04,242.557881,241.04,256.45,237.16,246.14,124578137
2025-06-04,173.563593,175.55,182.62,174.92,177.75,86884610
2025-06-05,204.408352,206.88,207.27,197.5,199.43,104048067
2025-06-05,246.012752,245.29,258.17,241.54,248.88,131638026
2025-06-05,180.428325,182.76,193.77,179.43,188.44,75424798
2025-06-06,206.340059,206.28,207.69,200.83,206.18,62257866
2025-06-06,247.339919,244.8,255.9,239.0,250.93,137573105
2025-06-06,170.847882,168.85,175.02,165.72,169.98,109564040
2025-06-07,194.447639,197.75,205.65,194.81,201.18,147870485
2025-06-07,257.096853,255.69,259.62,245.41,250.21,71411047
2025-06-07,185.3911,181.85,183.03,175.65,177.8,135550045
2025-06-08,201.710004,200.61,213.16,198.71,203.57,101902724
2025-06-08,254.753558,250.1,250.85,246.52,249.09,109759149
2025-06-08,177.178009,177.88,185.49,170.06,177.53,124581431
2025-06-09,214.903773,211.51,215.82,204.01,209.42,79105743
2025-06-09,254.679673,255.82,264.71,254.23,257.35,109064926
2025-06-09,177.397454,175.42,183.32,174.73,177.16,101121655
2025-06-10,213.567086,210.17,219.13,199.35,209.62,121949619
2025-06-10,241.139994,245.94,253.07,235.62,246.16,101912960
2025-06-10,175.824016,173.57,183.25,172.28,180.13,94209421
2025-06-11,203.044653,201.62,202.29,193.13,196.86,109407855
2025-06-11,262.987824,267.11,269.47,261.23,266.24,96572979
2025-06-11,166.663159,170.03,180.84,170.02,174.71,118886104
2025-06-12,202.005898,202.12,202.5,195.23,197.16,73811622
2025-06-12,247.039612,244.57,248.1,234.43,245.75,71580869
2025-06-12,181.248144,182.15,184.67,177.27,181.0,118751436
2025-06-13,202.371334,204.67,205.83,196.02,200.24,81091626
2025-06-13,251.202241,246.34,263.12,240.95,251.49,53280613
2025-06-13,171.663951,169.35,174.65,167.32,173.33,89839269
2025-06-14,207.197211,205.67,205.9,195.26,201.97,105134219
2025-06-14,259.794577,264.61,272.49,259.6,265.65,39787291
2025-06-14,180.00576,179.19,186.62,171.06,178.11,57474272
2025-06-15,212.242168,209.07,211.4,199.95,206.74,83124439
2025-06-15,265.812917,261.08,270.39,255.95,257.72,114099055
2025-06-15,173.558477,170.91,175.2,167.52,169.79,35159446
2025-06-16,193.102227,192.9,206.21,191.61,200.66,43046979
2025-06-16,261.815838,259.26,265.8,252.05,257.85,149949519
2025-06-16,183.445957,186.98,188.08,177.81,184.03,148661240
2025-06-17,199.513104,201.25,202.01,198.91,200.87,90719400
2025-06-17,270.420368,266.46,271.45,265.08,266.76,58441234
2025-06-17,185.44305,184.43,191.09,181.04,189.9,120903375
2025-06-18,198.648393,197.56,199.46,194.14,196.18,32530173
2025-06-18,242.677929,243.17,253.8,239.15,249.85,92584586
2025-06-18,183.537948,182.31,183.68,174.0,180.78,78188503
2025-06-19,213.882566,210.61,211.56,204.01,205.39,142082293
2025-06-19,247.184963,249.27,254.41,242.09,247.91,147497790
2025-06-19,179.647209,177.01,189.18,176.38,184.67,57684534
2025-06-20,217.745298,216.12,217.1,206.0,210.78,78211272
2025-06-20,231.381179,228.82,237.6,223.63,230.76,69161085
2025-06-20,166.011556,169.14,177.26,168.13,175.94,113054673
2025-06-21,203.870629,203.35,209.67,197.26,200.43,136348826
2025-06-21,244.469638,242.41,263.29,240.08,251.24,83252912
2025-06-21,172.359955,173.05,181.5,168.28,175.07,90652700
2025-06-22,194.391297,198.0,200.67,192.52,196.24,130605935
2025-06-22,264.401081,262.18,263.37,250.03,253.99,136292208
2025-06-22,187.973532,186.58,198.01,180.7,189.83,32131885
2025-06-23,211.471103,209.51,214.09,198.66,205.36,80019245
2025-06-23,237.690594,237.69,252.08,237.36,244.91,144078224
2025-06-23,198.089922,196.99,198.24,179.98,189.21,56133644
2025-06-24,210.874985,209.86,212.6,202.75,207.37,97645935
2025-06-24,262.357567,258.32,262.68,251.98,258.57,32984614
2025-06-24,184.755163,182.83,184.57,170.1,177.97,125772805
2025-06-25,207.209564,203.81,210.46,195.69,203.0,147901781
2025-06-25,248.844403,251.93,254.23,240.44,249.58,135780934
2025-06-25,176.155273,178.55,184.16,176.09,179.7,116057672
2025-06-26,196.654207,192.97,201.13,190.36,197.46,148871886
2025-06-26,246.794784,246.3,259.55,245.44,254.0,31150546
2025-06-26,175.14407,176.09,185.16,175.46,181.6,105231133
2025-06-27,197.63453,201.59,210.35,199.76,208.17,68406130
2025-06-27,240.702448,242.93,246.83,238.94,243.72,30811058
2025-06-27,175.894215,177.36,181.76,171.33,177.06,111441186
2025-06-28,216.950418,213.99,216.86,205.16,211.94,36261969
2025-06-28,255.2467,251.1,259.91,249.87,255.9,61253417
2025-06-28,167.582932,166.07,175.85,164.38,172.48,34047390
2025-06-29,197.096966,197.34,204.83,194.99,200.21,78866819
2025-06-29,236.538617,236.69,245.85,236.62,240.64,128599938
2025-06-29,176.882588,173.71,178.69,172.93,173.96,101650081
2025-06-30,190.85839,189.86,203.22,188.68,198.58,104171201
2025-06-30,254.619675,253.83,258.59,244.03,255.74,125879509
2025-06-30,174.374659,177.32,183.75,171.52,178.28,68510049
2025-07-01,203.962252,203.54,207.17,193.34,200.44,109085985
2025-07-01,247.168286,247.76,248.42,232.37,241.76,86160759
2025-07-01,165.73017,168.21,171.08,166.44,169.84,104753576
2025-07-02,207.69997,206.56,207.35,193.9,198.54,123684647
2025-07-02,240.575293,241.66,242.05,229.12,239.46,65726633
2025-07-02,179.422073,179.01,182.77,173.62,179.68,97509360
2025-07-03,200.240428,201.76,217.3,198.93,208.31,81465384
2025-07-03,246.143108,244.53,255.7,243.29,247.32,30611423
2025-07-03,177.803135,181.34,182.44,177.54,178.59,41034781
2025-07-04,195.854399,193.11,196.49,185.0,190.12,148179092
2025-07-04,268.875123,264.84,267.98,259.49,266.31,62278991
2025-07-04,177.083354,176.44,187.47,173.49,182.5,76570143
2025-07-05,195.218944,193.45,197.26,191.59,193.38,132258461
2025-07-05,269.717707,264.92,265.4,243.68,256.41,43485318
2025-07-05,189.766226,190.19,191.98,183.32,185.08,138874978
2025-07-06,211.121197,209.38,209.5,198.76,200.38,59016119
2025-07-06,272.524183,273.49,275.27,258.42,263.51,140938944
2025-07-06,180.67415,177.49,186.96,176.99,184.14,64753177
2025-07-07,194.823274,198.38,205.33,193.28,199.47,52347840
2025-07-07,250.088536,253.62,255.84,238.65,248.16,126894885
2025-07-07,184.218226,183.11,188.47,182.53,185.7,45138925
2025-07-08,201.718631,201.78,208.32,197.7,206.25,116790432
2025-07-08,253.924575,253.38,262.07,250.87,256.73,86777857
2025-07-08,173.813172,176.23,182.61,172.23,174.6,51886988
2025-07-09,197.395005,198.2,201.93,192.65,196.74,93337479
2025-07-09,247.879852,249.89,253.67,241.21,248.2,31698961
2025-07-09,208.194528,206.0,206.57,197.22,198.49,104948651
2025-07-10,199.994728,203.04,205.43,189.19,198.62,54620158
2025-07-10,234.104769,236.27,250.01,233.69,244.08,62105655
2025-07-10,179.562721,181.19,182.74,176.96,180.47,135399502
2025-07-11,198.806949,200.87,208.21,198.18,204.13,131612972
2025-07-11,237.430496,241.37,244.75,237.15,241.65,105438698
2025-07-11,184.459813,183.96,187.46,174.22,178.71,50755598
2025-07-12,197.799814,194.34,200.78,190.03,197.68,96908375
2025-07-12,258.432438,255.94,256.75,244.41,249.44,107887075
2025-07-12,190.739553,191.16,192.15,186.6,190.5,74752532
2025-07-13,202.142733,202.12,207.77,194.58,198.19,136098426
2025-07-13,252.814426,255.66,256.4,239.71,250.08,38324672
2025-07-13,173.198041,170.06,172.64,167.68,169.07,130657354
2025-07-14,206.906221,205.28,206.35,194.67,203.52,94510824
2025-07-14,260.998324,263.43,268.77,253.93,259.96,68105037
2025-07-14,177.47903,178.54,188.04,172.94,179.1,50001891
2025-07-15,200.376147,202.99,210.13,197.57,206.32,60545399
2025-07-15,240.787856,238.76,247.32,228.88,237.73,30222366
2025-07-15,179.763024,181.72,186.7,180.31,185.41,44537102
2025-07-16,196.358446,196.88,205.04,188.78,196.95,136877148
2025-07-16,246.294911,250.2,254.02,242.69,248.59,119386819
2025-07-16,159.333359,161.63,171.19,160.99,168.65,54599632
2025-07-17,197.733503,198.09,205.62,192.16,199.65,84323999
2025-07-17,245.173226,247.26,264.6,242.6,252.42,62809633
2025-07-17,179.24147,180.12,180.59,175.89,178.32,135254426
2025-07-18,212.16468,209.69,210.54,195.09,201.97,93452030
2025-07-18,241.940088,246.76,259.74,242.84,248.74,50742225
2025-07-18,194.47629,196.26,197.77,189.33,194.28,100489719
2025-07-19,212.333495,208.96,209.42,201.79,208.32,59065077
2025-07-19,250.538603,252.26,261.72,238.76,250.65,65140161
2025-07-19,170.680277,173.85,180.81,169.58,174.72,137149868
2025-07-20,205.991762,209.9,211.71,205.78,207.0,144467538
2025-07-20,255.947052,253.6,255.27,245.68,248.01,145251834
2025-07-20,179.982486,179.3,182.89,170.35,174.66,71559968
2025-07-21,213.802391,210.12,211.28,208.76,210.06,120614329
2025-07-21,246.45653,248.44,252.2,248.19,250.92,128420232
2025-07-21,177.558926,180.74,187.01,173.29,178.92,134472136
2025-07-22,201.35792,202.62,211.3,200.88,207.59,110428485
2025-07-22,246.912256,243.28,249.37,234.46,243.37,63214528
2025-07-22,177.409381,179.46,187.33,178.14,180.18,108878196
2025-07-23,195.927599,195.08,201.76,192.86,199.43,143673968
2025-07-23,254.225301,251.37,254.06,241.17,247.88,37742751
2025-07-23,179.150739,181.96,183.33,179.68,181.47,136442529
2025-07-24,192.704611,194.23,204.27,192.41,200.96,103813687
2025-07-24,248.56118,252.54,257.89,239.86,247.68,115620422
2025-07-24,183.764413,182.17,185.44,171.06,179.56,59920249
2025-07-25,189.460957,188.13,192.42,186.96,191.23,145644731
2025-07-25,248.613011,253.24,256.24,250.83,254.02,148551051
2025-07-25,184.768119,182.75,188.83,178.3,184.73,57106456
2025-07-26,204.829659,201.25,204.18,192.96,198.25,73291815
2025-07-26,251.815808,253.94,255.87,239.17,244.16,118185545
2025-07-26,178.379387,177.82,178.49,170.55,176.69,89165213
2025-07-27,208.015138,211.95,217.6,203.76,208.54,98655778
2025-07-27,249.439384,249.56,254.53,244.81,251.69,83404327
2025-07-27,176.62621,177.53,182.93,171.56,179.74,62525723
2025-07-28,181.760729,181.42,196.87,180.58,189.97,134221239
2025-07-28,247.928506,250.08,252.47,236.81,247.46,129678102
2025-07-28,183.659325,180.69,185.7,176.92,178.49,107043336
2025-07-29,197.312019,196.55,202.03,192.4,197.9,98538395
2025-07-29,254.683559,250.78,254.19,243.96,252.55,117847613
2025-07-29,186.848437,189.33,198.43,187.29,191.83,138400515
2025-07-30,205.175037,201.16,208.44,195.49,203.58,37111437
2025-07-30,244.317975,243.66,249.53,239.65,247.48,93884609
2025-07-30,188.389928,187.48,192.16,185.95,190.19,73324391
2025-07-31,208.984574,207.27,209.54,199.72,200.98,93313649
2025-07-31,241.769023,239.96,256.2,237.95,246.74,41053025
2025-07-31,166.590967,167.92,175.35,162.15,169.0,88126283
2025-08-01,200.023292,201.92,202.81,198.14,200.36,115015035
2025-08-01,244.755175,244.98,254.88,243.41,249.74,86277868
2025-08-01,176.357344,175.63,183.19,172.34,180.06,33544751
2025-08-02,196.751379,199.99,203.74,190.95,198.88,39597402
2025-08-02,250.093878,247.69,256.11,242.67,244.09,88610755
2025-08-02,168.130982,169.42,178.13,164.63,171.38,122692921
2025-08-03,195.718717,198.76,211.22,195.7,203.61,99246828
2025-08-03,246.342347,248.28,253.19,241.59,249.02,140369354
2025-08-03,187.682641,184.34,184.77,175.56,177.07,108503696
2025-08-04,203.818329,204.02,204.12,201.52,202.74,32858408
2025-08-04,248.913213,246.76,247.42,232.04,240.81,34741157
2025-08-04,183.472706,182.42,182.69,178.74,181.41,76497226
2025-08-05,197.893411,199.32,210.96,197.33,203.77,58420984
2025-08-05,246.417445,248.12,256.97,243.05,248.92,51620466
2025-08-05,178.696543,181.58,182.88,178.45,180.87,82970493
2025-08-06,213.062157,211.16,215.16,198.54,204.93,112308274
2025-08-06,242.432258,240.34,255.34,238.25,249.68,133169398
2025-08-06,176.253912,176.59,176.96,170.95,175.0,63077222
2025-08-07,207.608952,209.99,211.4,201.29,209.7,96595873
2025-08-07,255.718691,260.53,266.65,246.37,258.78,129877624
2025-08-07,185.388499,181.96,193.23,181.73,186.75,72426741
2025-08-08,221.992184,219.52,221.59,208.65,211.4,144295254
2025-08-08,276.230903,272.5,273.44,251.47,261.16,147574041
2025-08-08,179.237393,182.12,186.36,176.83,183.38,121623520
2025-08-09,200.301104,198.4,204.43,193.15,199.99,103145001
2025-08-09,236.955365,235.9,245.83,228.28,237.4,39242969
2025-08-09,188.861259,187.82,195.03,181.6,186.53,81667162
2025-08-10,201.45708,200.9,201.29,190.01,192.9,139753822
2025-08-10,249.502542,249.58,257.46,241.05,248.79,141520655
2025-08-10,186.251337,184.05,184.84,180.57,181.66,90746609
2025-08-11,212.943992,209.49,213.42,203.57,210.77,131314547
2025-08-11,249.08506,247.33,264.53,245.1,254.83,75952816
2025-08-11,181.925528,182.07,185.15,172.7,179.7,135013662
2025-08-12,202.798309,200.28,206.67,193.89,202.17,34760745
2025-08-12,260.081408,259.66,259.7,241.45,247.91,79600095
2025-08-12,184.020895,187.48,191.7,182.38,188.89,127340434
2025-08-13,198.343811,201.79,203.13,195.79,200.23,117168029
2025-08-13,264.902724,260.08,261.22,252.93,259.89,117738499
2025-08-13,181.780926,183.93,189.34,179.04,181.28,88961234
2025-08-14,201.504357,200.79,203.17,194.5,198.63,39536641
2025-08-14,256.384171,260.83,266.5,246.22,255.7,66951023
2025-08-14,182.540002,182.86,186.98,181.36,182.55,120103900
2025-08-15,194.406179,197.33,203.1,193.46,201.85,136808977
2025-08-15,244.559281,249.49,257.36,248.12,255.21,56624848
2025-08-15,183.424071,181.03,187.18,180.67,181.59,131526253
2025-08-16,193.786527,193.27,204.6,192.37,202.2,46908147
2025-08-16,240.326922,237.7,244.47,226.43,232.88,53678192
2025-08-16,185.85177,183.34,185.17,172.69,178.31,43470701
2025-08-17,189.765402,192.96,200.27,188.43,191.15,128127126
2025-08-17,256.370739,257.39,261.97,248.14,252.24,34812429
2025-08-17,186.054119,189.08,197.95,183.47,188.62,137556264
2025-08-18,197.564591,194.79,199.35,191.69,195.63,107646107
2025-08-18,253.145806,258.18,258.65,244.57,256.63,118089235
2025-08-18,180.486537,179.36,190.43,173.29,181.53,84672673
2025-08-19,192.036915,194.19,211.82,193.63,203.2,103923211
2025-08-19,253.866134,253.71,262.23,246.96,252.42,96486572
2025-08-19,180.705115,180.13,186.15,175.12,181.13,47582806
2025-08-20,212.28465,212.34,213.72,203.78,206.98,96828516
2025-08-20,238.486164,235.52,246.56,232.24,240.86,30893539
2025-08-20,175.363526,173.9,181.3,169.92,176.43,70949728
2025-08-21,198.524456,198.69,210.17,194.12,201.52,130673528
2025-08-21,246.210088,243.35,258.78,236.11,247.15,116189695
2025-08-21,183.196535,181.93,181.98,178.11,179.58,41977405
2025-08-22,205.135255,201.43,202.98,196.17,199.1,102910363
2025-08-22,238.834444,236.59,238.41,227.67,236.17,50344209
2025-08-22,175.984636,177.63,187.42,175.99,180.91,129147571
2025-08-23,195.832588,196.0,207.15,194.98,200.69,101730173
2025-08-23,247.934162,243.34,253.02,242.49,250.16,78535029
2025-08-23,186.386021,186.57,186.64,178.61,181.6,43256039
2025-08-24,191.658386,190.19,202.53,189.23,193.6,77241013
2025-08-24,235.841693,238.71,239.07,232.16,233.52,126824788
2025-08-24,184.529701,182.63,185.45,180.47,184.49,84629965
2025-08-25,213.729943,209.54,210.72,200.01,205.44,69374196
2025-08-25,253.551654,252.46,271.01,245.85,258.32,110400693
2025-08-25,173.893429,175.81,181.43,169.32,173.69,53113592
2025-08-26,201.561589,203.21,209.88,200.42,202.49,136266285
2025-08-26,251.892159,252.01,272.53,249.79,260.84,61622316
2025-08-26,182.841632,180.71,189.67,177.33,180.87,146627296
2025-08-27,197.563129,196.14,203.18,195.74,198.2,135512338
2025-08-27,237.808829,242.23,261.05,241.39,250.05,141188695
2025-08-27,179.216691,179.28,186.98,171.41,179.94,142712679
2025-08-28,204.207462,200.97,202.82,189.99,196.64,148961180
2025-08-28,255.329588,257.16,257.82,251.03,255.4,39361759
2025-08-28,172.540071,173.65,181.18,171.03,175.42,136255914
2025-08-29,191.328228,193.38,197.82,192.48,195.91,92272490
2025-08-29,244.899772,249.35,252.1,243.3,246.04,107860743
2025-08-29,176.989433,177.79,182.05,176.19,177.47,72858948
2025-08-30,200.214771,196.5,205.36,193.77,199.57,83419900
2025-08-30,265.772717,267.64,269.08,254.9,258.07,111578654
2025-08-30,181.541738,180.04,185.96,173.1,178.45,65534233
2025-08-31,204.689921,205.95,213.72,204.45,212.6,140248995
2025-08-31,250.124187,249.32,253.24,247.16,251.38,97440642
2025-08-31,183.108021,185.61,185.87,178.83,180.93,77173678
2025-09-01,206.792723,208.26,216.37,204.64,208.24,102458376
2025-09-01,245.65938,247.96,257.86,247.0,252.04,45184903
2025-09-01,185.855338,186.44,187.99,177.45,179.18,124700620
2025-09-02,207.770936,206.28,206.85,198.48,205.12,66890654
2025-09-02,260.193925,259.13,267.18,242.03,254.7,89401441
2025-09-02,179.238827,181.74,185.6,179.93,181.55,137259815
2025-09-03,195.163476,198.05,201.98,194.24,198.69,88077982
2025-09-03,246.018115,248.97,255.61,239.31,245.79,91073774
2025-09-03,199.22369,197.14,198.58,186.52,190.31,112259093
2025-09-04,191.60289,195.17,207.6,195.09,199.15,113669234
2025-09-04,244.654026,242.54,254.26,242.19,247.6,65316257
2025-09-04,183.301724,186.18,186.5,182.01,185.03,139582580
2025-09-05,205.09788,203.31,203.91,194.92,196.89,81221240
2025-09-05,249.780955,250.29,253.74,248.16,249.54,72728877
2025-09-05,167.611036,170.08,175.54,167.19,170.67,103641285
2025-09-06,200.921739,201.86,210.39,197.28,202.69,133318993
2025-09-06,253.307284,253.26,258.18,241.46,249.24,127496611
2025-09-06,191.468942,190.27,196.37,189.65,191.58,77572453
2025-09-07,184.293399,188.0,195.42,187.4,189.55,100937752
2025-09-07,249.406077,245.84,257.87,241.11,250.57,116741910
2025-09-07,171.745548,174.54,186.09,171.96,178.93,85947235
2025-09-08,210.595209,208.01,209.51,196.35,201.9,129780100
2025-09-08,258.747741,256.0,259.19,247.74,252.92,44756295
2025-09-08,192.004804,192.19,194.03,182.75,185.24,70309906
2025-09-09,190.454078,192.84,197.46,191.81,194.08,47631526
2025-09-09,244.894263,249.0,255.12,237.46,245.21,108470321
2025-09-09,190.954587,189.56,192.59,181.52,186.36,145546414
2025-09-10,199.982196,201.19,205.54,194.11,203.42,84011854
2025-09-10,244.513425,244.34,257.15,241.98,250.64,87954161
2025-09-10,182.996729,182.23,185.68,173.76,176.92,48296448
2025-09-11,195.682716,197.18,198.71,184.64,194.25,109738418
2025-09-11,250.585209,253.49,254.61,243.83,245.34,113363046
2025-09-11,178.392194,179.15,189.47,177.52,186.39,88902476
2025-09-12,191.555678,191.33,203.03,190.61,194.11,125645347
2025-09-12,250.338057,247.52,249.03,240.0,245.85,32918827
2025-09-12,180.874628,180.32,187.97,179.35,184.03,121268699
2025-09-13,192.972941,196.59,197.14,189.13,194.22,108388341
2025-09-13,251.048062,251.88,260.69,245.46,253.54,62718024
2025-09-13,176.482551,176.11,184.04,171.99,180.51,127343276
2025-09-14,193.95303,193.83,200.06,188.31,198.06,85620951
2025-09-14,268.25454,268.06,272.16,263.93,269.14,126018665
2025-09-14,170.82621,168.65,171.39,161.92,169.3,93278139
2025-09-15,199.027558,197.38,204.86,190.52,199.31,38074036
2025-09-15,273.795326,275.49,277.21,254.92,268.0,73757834
2025-09-15,187.438693,188.93,196.7,181.66,188.8,82192357
2025-09-16,196.611528,197.97,198.92,195.6,196.68,33433141
2025-09-16,249.644904,251.64,266.25,245.74,253.58,147931534
2025-09-16,185.212556,184.26,193.15,180.41,184.09,128707792
2025-09-17,195.054169,197.97,204.7,195.95,198.37,101257644
2025-09-17,249.894456,247.87,253.28,243.01,250.49,141130780
2025-09-17,182.275517,181.91,184.9,174.88,182.94,100713201
2025-09-18,194.426728,193.05,202.94,192.98,198.17,81629799
2025-09-18,251.177862,255.75,256.72,241.54,248.71,137737525
2025-09-18,192.95865,193.38,194.64,178.34,185.54,138007597
2025-09-19,188.495691,191.3,192.7,182.78,188.51,133916841
2025-09-19,253.942077,251.11,261.58,250.46,256.87,70588420
2025-09-19,179.400194,180.19,182.69,174.76,176.71,87190689
2025-09-20,198.7761,196.5,206.4,190.56,199.95,44495572
2025-09-20,258.166084,258.6,264.9,253.74,255.83,102219819
2025-09-20,182.421503,186.13,192.66,180.3,187.27,103810701
2025-09-21,200.779242,199.66,206.57,190.66,198.87,120431596
2025-09-21,258.152062,257.08,257.62,249.81,255.08,50141333
2025-09-21,179.854996,182.24,183.28,173.35,182.15,64827367
2025-09-22,197.38973,198.71,204.56,190.67,199.44,49626516
2025-09-22,260.740084,258.85,269.98,258.31,265.13,65973588
2025-09-22,189.391516,191.78,192.48,180.26,184.63,101463766
2025-09-23,197.643893,201.3,211.15,197.48,202.17,67113093
2025-09-23,252.421745,257.11,264.34,250.69,257.32,143891967
2025-09-23,173.432344,172.69,182.56,171.2,177.54,54746046
2025-09-24,196.18773,196.15,209.1,195.96,202.29,38860155
2025-09-24,238.771911,238.81,246.84,237.0,239.92,91404453
2025-09-24,196.651626,193.02,194.44,181.57,189.82,72969737
2025-09-25,220.823568,218.18,221.57,211.35,215.62,62882921
2025-09-25,255.189995,250.5,256.33,250.15,252.96,70140181
2025-09-25,186.181469,189.57,191.65,183.41,187.39,49327771
2025-09-26,195.948116,197.18,206.49,190.07,197.96,88224624
2025-09-26,238.072952,240.43,247.35,234.91,237.95,32747110
2025-09-26,189.958642,187.55,187.72,174.16,178.9,120659567
2025-09-27,196.015613,197.02,208.29,194.14,202.54,112061956
2025-09-27,255.198396,251.44,253.14,241.08,248.37,129120017
2025-09-27,172.642451,173.72,181.81,169.5,176.94,80295101
2025-09-28,195.171787,191.85,192.48,181.93,183.52,144203001
2025-09-28,235.111953,238.29,243.5,227.55,232.25,75149773
2025-09-28,175.268781,176.67,183.05,170.03,178.14,132941090
2025-09-29,197.835262,200.53,203.99,197.75,200.21,30047070
2025-09-29,259.022842,256.16,256.27,248.72,253.97,47091131
2025-09-29,182.343168,185.25,185.68,178.21,180.4,48258297
2025-09-30,198.841265,195.66,202.32,189.99,196.88,124240391
2025-09-30,240.115451,236.6,249.78,234.07,243.71,134924017
2025-09-30,182.130332,179.95,181.92,170.49,176.64,115117357
2025-10-01,203.243493,201.45,206.51,192.85,198.74,119594685
2025-10-01,245.433848,250.36,255.38,242.67,248.19,55141743
2025-10-01,171.159322,171.97,180.72,170.13,178.92,141737984
2025-10-02,191.584646,190.65,204.19,189.55,199.15,130249129
2025-10-02,242.70067,240.03,245.1,235.59,243.86,128202402
2025-10-02,176.120653,178.84,182.26,176.13,178.68,141502831
2025-10-03,210.932964,208.68,212.0,201.5,206.0,91614479
2025-10-03,247.88332,246.14,252.4,240.86,245.41,94072670
2025-10-03,179.680707,180.36,182.57,173.14,177.92,78830460
2025-10-04,198.587657,201.97,211.89,198.62,202.87,149561379
2025-10-04,238.27305,242.2,251.06,239.99,248.22,119219444
2025-10-04,184.847251,187.27,187.96,176.32,183.04,93775969
2025-10-05,204.863289,205.19,211.55,201.14,202.48,96546477
2025-10-05,254.082284,250.78,256.31,244.54,250.4,123258255
2025-10-05,170.820096,171.99,177.77,171.97,174.63,60376689
2025-10-06,200.244459,199.75,206.14,195.53,203.6,49794111
2025-10-06,257.275778,254.17,264.64,247.89,257.06,76198359
2025-10-06,182.892247,186.55,193.88,179.93,185.65,102587343
2025-10-07,186.789523,187.48,203.82,187.18,196.61,109540564
2025-10-07,246.567804,249.89,250.39,240.45,244.47,82378557
2025-10-07,188.389461,189.36,191.76,185.0,188.51,39765156
2025-10-08,212.624663,214.09,214.26,206.02,207.52,73948064
2025-10-08,241.139418,244.29,265.81,242.93,255.7,65215760
2025-10-08,183.686138,182.96,185.45,179.74,181.95,136311693
2025-10-09,197.451589,201.05,204.4,195.29,198.36,51598291
2025-10-09,246.962543,247.63,254.58,245.48,246.84,125696171
2025-10-09,182.633121,182.25,182.31,178.78,181.03,87708748
2025-10-10,192.998916,192.08,193.22,188.5,190.42,138935221
2025-10-10,256.816355,254.19,260.78,251.38,254.65,74623385
2025-10-10,184.742001,181.91,184.54,171.77,177.71,121589549
2025-10-11,209.86918,206.26,214.89,201.36,209.01,49854061
2025-10-11,236.901149,239.7,252.29,236.98,247.03,82979825
2025-10-11,181.179672,181.18,181.48,173.11,176.95,84171578
2025-10-12,196.370263,195.96,198.85,195.16,197.07,63784234
2025-10-12,251.710327,253.24,263.2,246.35,254.48,40369819
2025-10-12,178.834417,176.56,177.39,169.08,174.66,47145214
2025-10-13,200.390599,198.17,204.07,198.03,201.95,123305534
2025-10-13,254.345057,253.44,258.13,251.54,254.43,59560531
2025-10-13,178.96362,180.07,188.2,174.68,181.29,62292088
2025-10-14,215.616125,217.2,221.19,203.38,210.68,113743822
2025-10-14,245.371766,242.16,251.35,241.7,248.35,30005416
2025-10-14,181.332566,181.94,186.39,181.34,183.7,84307485
2025-10-15,193.461168,195.53,204.19,193.25,198.63,64631067
2025-10-15,247.684078,247.53,261.66,246.02,253.39,80894085
2025-10-15,168.648415,169.78,178.75,167.88,175.25,48566118
2025-10-16,198.75155,199.33,202.83,195.29,198.69,111294401
2025-10-16,255.405684,256.9,257.36,242.56,248.98,142066037
2025-10-16,183.312895,182.56,190.87,181.59,185.27,31872732
2025-10-17,194.963918,191.9,191.93,185.41,189.95,68026753
2025-10-17,250.047692,252.71,257.13,251.44,253.1,41222250
2025-10-17,178.880051,176.19,178.51,170.95,177.26,139691640
2025-10-18,198.304029,197.92,207.86,197.14,201.18,130025928
2025-10-18,251.968523,255.11,257.08,243.78,254.4,45970202
2025-10-18,184.615994,184.87,187.54,178.47,181.09,104185981
2025-10-19,196.871548,200.02,208.4,194.26,198.61,149406612
2025-10-19,248.20702,246.09,253.63,241.14,246.8,124733197
2025-10-19,188.024357,187.54,190.7,175.04,183.24,45327670
2025-10-20,213.318931,216.35,220.24,212.06,214.72,60432032
2025-10-20,251.748315,252.07,262.51,252.06,253.37,102596936
2025-10-20,177.790286,178.88,190.61,174.99,182.63,46444040
2025-10-21,201.866182,202.94,211.77,199.1,205.99,116906619
2025-10-21,251.316248,253.3,256.77,244.99,251.07,88749357
2025-10-21,177.09264,178.69,181.22,172.73,179.41,140553848
2025-10-22,194.691518,194.76,204.57,191.88,201.78,133057518
2025-10-22,251.173018,255.44,264.91,242.76,253.93,49723737
2025-10-22,181.741794,181.55,186.2,179.15,182.4,121055618
2025-10-23,191.32916,188.97,196.5,188.89,195.45,32191264
2025-10-23,238.765663,242.4,248.95,235.78,245.16,128396258
2025-10-23,186.894508,185.81,188.79,185.22,186.74,48311428
2025-10-24,191.397239,194.46,200.61,192.41,196.1,140074215
2025-10-24,253.775956,258.25,265.0,250.17,263.07,115982744
2025-10-24,181.892795,183.45,184.08,174.02,178.65,32644153
2025-10-25,188.059397,188.82,202.57,185.21,193.93,78877342
2025-10-25,249.473941,249.99,250.26,239.71,246.04,52695102
2025-10-25,189.705393,190.14,192.71,182.78,185.73,46119173
2025-10-26,199.979946,201.49,204.89,195.11,199.54,38177042
2025-10-26,244.337057,239.93,247.92,239.87,243.98,132251362
2025-10-26,178.462793,181.72,189.31,181.05,184.64,31945102
2025-10-27,201.653536,201.59,203.42,199.25,201.47,102309240
2025-10-27,237.763397,238.55,242.71,234.43,238.4,122981497
2025-10-27,178.009396,175.98,182.06,174.37,180.94,62534937
2025-10-28,190.076618,188.87,201.62,186.88,196.22,85449358
2025-10-28,264.330861,260.46,271.33,259.56,261.89,43129268
2025-10-28,186.672395,187.39,190.15,183.36,184.78,56109475
2025-10-29,198.834962,195.67,199.49,190.93,195.44,113735940
2025-10-29,232.494898,233.34,243.01,229.62,238.3,109112079
2025-10-29,186.01618,186.57,191.21,183.16,185.93,142284872
2025-10-30,193.615258,190.89,191.51,181.9,186.89,103238904
2025-10-30,235.001084,234.22,248.09,232.73,241.67,122592481
2025-10-30,178.34608,181.09,187.35,174.14,182.69,106047310
2025-10-31,199.270715,196.39,202.92,194.24,201.86,103932361
2025-10-31,254.675316,259.33,261.64,245.28,249.74,107664681
2025-10-31,179.864675,177.75,182.52,173.75,178.93,50774843
2025-11-01,203.748115,206.34,210.36,199.61,203.33,72762636
2025-11-01,247.580769,245.34,249.44,243.73,247.65,46045805
2025-11-01,179.623561,181.73,187.54,178.75,184.18,122350444
2025-11-02,223.752114,222.74,225.18,218.04,220.87,80443140
2025-11-02,263.331961,259.23,259.85,242.29,250.11,45782354
2025-11-02,176.185833,173.73,174.56,169.83,173.39,80826448
2025-11-03,220.436011,222.33,223.35,213.63,221.92,40523564
2025-11-03,256.338083,252.3,255.9,241.44,248.5,91077027
2025-11-03,182.37309,179.17,188.93,177.34,180.17,30178136
2025-11-04,202.541262,200.46,203.01,194.45,199.35,149917394
2025-11-04,261.613931,263.38,268.59,258.86,261.44,74720208
2025-11-04,184.358692,184.69,193.3,181.01,184.45,36478155
2025-11-05,210.888143,209.01,211.91,208.43,209.55,41654760
2025-11-05,248.167648,247.81,253.57,244.77,246.17,54754362
2025-11-05,175.540797,176.9,179.28,172.74,173.73,46535122
2025-11-06,201.431061,202.38,204.07,192.63,195.31,78215173
2025-11-06,255.887495,257.19,269.06,253.64,264.88,58727630
2025-11-06,179.868499,178.35,180.06,176.37,178.81,46986436
2025-11-07,198.179808,200.5,202.16,190.58,196.23,51076555
2025-11-07,251.637609,252.46,252.48,239.59,247.0,62849425
2025-11-07,182.720588,181.28,182.26,178.42,180.1,109636643
2025-11-08,202.662844,205.9,212.0,204.55,208.32,40309429
2025-11-08,254.216799,249.81,267.95,249.16,259.7,94505523
2025-11-08,192.875816,190.39,190.49,175.8,184.97,52860806
2025-11-09,194.90265,198.26,206.26,192.5,196.58,101084394
2025-11-09,241.584951,241.49,253.94,238.17,249.53,108831074
2025-11-09,180.143333,179.82,180.56,175.46,178.2,30064537
2025-11-10,203.16773,202.54,203.9,193.7,198.14,73952397
2025-11-10,239.42268,240.49,248.91,234.19,246.33,101156449
2025-11-10,182.716469,182.26,184.26,174.0,178.77,56550764
2025-11-11,203.967404,201.38,205.86,195.07,203.36,35712406
2025-11-11,242.386951,245.84,251.12,239.8,249.69,59939790
2025-11-11,174.023731,176.93,177.39,170.86,175.18,63440498
2025-11-12,197.936977,197.12,209.09,195.69,201.81,89282502
2025-11-12,239.030504,239.54,245.81,224.41,234.71,124864922
2025-11-12,187.488731,187.82,192.04,176.66,185.66,82043355
2025-11-13,212.882413,209.58,210.31,201.76,204.57,149053411
2025-11-13,257.69505,253.04,256.4,244.85,249.92,144024023
2025-11-13,179.485923,177.15,192.24,177.05,183.45,98817656
2025-11-14,195.346193,192.09,193.22,183.95,185.72,30398205
2025-11-14,239.835882,243.03,249.19,242.56,245.64,34037103
2025-11-14,171.594788,174.86,179.24,173.69,176.48,136731083
2025-11-15,194.417102,195.33,201.12,195.33,199.15,104370254
2025-11-15,261.099545,261.63,265.8,248.63,254.91,128549653
2025-11-15,181.713773,182.39,187.71,174.17,179.68,43328020
2025-11-16,191.946709,194.07,202.17,191.83,194.33,84562673
2025-11-16,230.679962,233.33,249.63,233.0,241.9,134859754
2025-11-16,172.747972,172.32,175.36,168.72,173.27,81845953
2025-11-17,214.58509,211.29,218.73,204.25,209.13,136642593
2025-11-17,245.579756,243.69,254.3,237.54,249.25,86436014
2025-11-17,183.636325,180.58,190.0,177.92,181.61,40041983
2025-11-18,195.44208,198.14,209.65,197.85,208.04,135526909
2025-11-18,258.150652,257.07,261.92,253.4,255.79,121868909
2025-11-18,181.184563,180.69,184.36,169.64,176.87,44654271
2025-11-19,204.43783,206.08,208.69,200.39,205.18,82958773
2025-11-19,233.664054,235.92,238.34,230.2,231.68,100012462
2025-11-19,185.173104,182.24,183.18,179.67,182.08,77306229
2025-11-20,198.209246,197.4,201.25,189.67,193.45,149333820
2025-11-20,251.040813,249.49,257.57,249.3,253.67,139713283
2025-11-20,179.458545,178.07,181.64,177.29,179.89,141434606
2025-11-21,213.013409,211.47,213.61,205.65,209.76,52581431
2025-11-21,253.714767,256.66,265.54,243.68,254.77,30092257
2025-11-21,186.378225,182.84,192.61,182.69,188.12,94719563
2025-11-22,211.581562,209.79,217.0,203.76,210.57,37565599
2025-11-22,238.78081,240.17,254.45,236.0,246.39,110563410
2025-11-22,180.724136,181.19,185.96,171.36,179.14,50006841
2025-11-23,206.891798,204.5,205.05,197.06,200.0,42508781
2025-11-23,245.513448,250.33,254.42,242.73,246.53,61980005
2025-11-23,168.930601,169.2,177.23,166.4,173.02,55379880
2025-11-24,199.431211,203.03,206.02,194.95,197.63,137134957
2025-11-24,239.145508,240.95,246.01,225.52,236.02,60315469
2025-11-24,174.169078,175.31,179.27,172.42,177.69,107974018
2025-11-25,196.554305,195.38,198.37,191.52,196.9,67718719
2025-11-25,251.084615,247.04,255.53,235.91,248.18,120339431
2025-11-25,177.482426,177.07,184.37,174.81,175.8,137987039
2025-11-26,196.934745,200.13,203.07,192.7,196.22,118761834
2025-11-26,242.425208,239.01,241.98,226.3,232.29,120864195
2025-11-26,185.097866,182.48,190.25,176.97,182.99,145844271
2025-11-27,210.485313,211.94,220.5,207.47,214.75,124870040
2025-11-27,254.303414,252.69,257.31,240.55,252.16,75224306
2025-11-27,179.891513,176.45,183.36,172.3,178.02,62455486
2025-11-28,197.287995,201.14,210.25,199.89,202.08,63489367
2025-11-28,237.073394,236.95,240.46,236.42,239.06,39654573
2025-11-28,185.220826,182.33,182.67,175.21,176.1,34524139
2025-11-29,210.871572,210.42,211.02,198.23,208.63,105631898
2025-11-29,251.135237,252.76,262.86,239.28,250.62,67664886
2025-11-29,181.59708,178.68,182.91,176.84,178.72,92871454
2025-11-30,207.815645,206.36,209.1,199.36,207.11,53394168
2025-11-30,257.34412,255.37,257.28,243.98,248.88,133171751
2025-11-30,192.145181,192.0,194.27,187.11,192.94,88134021
2025-12-01,182.822301,184.42,188.15,177.27,181.79,143776739
2025-12-01,248.62413,252.59,254.66,248.81,250.61,122431742
2025-12-01,179.406798,181.63,189.75,178.82,184.63,147780044
2025-12-02,194.127089,197.03,201.66,194.42,197.96,105172686
2025-12-02,261.410106,258.0,259.51,247.33,249.66,48548161
2025-12-02,180.986929,178.53,186.4,175.62,182.2,38851435
2025-12-03,215.685785,215.15,215.65,204.02,209.11,124171895
2025-12-03,256.76955,255.52,262.08,244.37,250.07,86866332
2025-12-03,178.325674,177.61,190.69,177.5,183.13,44504626
2025-12-04,211.149293,210.2,210.5,200.58,208.49,130496855
2025-12-04,265.027773,265.95,266.92,248.07,258.67,117513008
2025-12-04,181.812873,184.0,186.5,178.65,179.78,92104846
2025-12-05,195.498515,192.52,193.4,189.75,191.55,45710661
2025-12-05,253.314777,249.51,255.43,243.73,250.75,117502767
2025-12-05,172.952369,170.3,179.65,169.76,178.18,100393176
2025-12-06,202.537847,201.84,207.96,198.46,199.94,49153884
2025-12-06,260.264209,261.95,262.59,251.24,254.86,31982504
2025-12-06,177.199224,178.3,180.08,177.66,178.72,91920791
2025-12-07,207.842742,208.46,211.58,206.04,208.25,130743827
2025-12-07,252.975787,255.41,264.13,251.35,255.06,106651456
2025-12-07,190.940622,188.6,191.69,184.71,185.99,79549465
2025-12-08,201.160169,198.95,215.16,197.44,207.55,62003949
2025-12-08,260.925585,258.28,271.52,255.79,261.41,105139386
2025-12-08,176.406137,176.56,183.67,174.05,176.54,62088315
2025-12-09,223.323113,219.23,220.57,206.2,210.67,139279216
2025-12-09,245.282586,243.86,245.28,228.66,238.52,38623090
2025-12-09,175.90515,175.94,180.1,171.82,175.85,91983526
2025-12-10,197.651959,197.55,203.51,192.49,196.99,91440236
2025-12-10,238.044786,241.01,248.89,239.04,245.54,130643311
2025-12-10,192.180427,188.52,198.34,188.24,190.68,71894924
2025-12-11,197.792215,199.47,201.08,190.54,194.07,39478540
2025-12-11,255.960512,255.21,265.04,250.66,256.69,43026131
2025-12-11,178.813923,181.66,182.39,168.29,174.65,111169991
2025-12-12,194.581213,197.22,212.21,196.06,203.72,55092746
2025-12-12,259.310113,255.05,257.9,238.2,246.7,82577574
2025-12-12,178.767084,180.29,185.1,177.29,178.77,40577063
2025-12-13,192.6116,194.46,200.91,192.18,198.78,119442624
2025-12-13,248.91553,247.86,248.06,239.88,241.35,126561984
2025-12-13,172.857355,174.2,182.3,167.37,174.99,51415942
2025-12-14,210.692688,209.54,214.09,199.6,207.98,43813925
2025-12-14,253.180862,253.16,258.47,245.08,249.5,98761416
2025-12-14,185.379565,183.93,184.85,182.02,183.11,124546051
2025-12-15,196.273824,193.47,197.66,191.7,194.11,51944468
2025-12-15,262.144218,267.2,267.39,248.54,258.0,121527595
2025-12-15,188.211089,189.6,190.27,180.82,186.95,113501254
2025-12-16,203.081225,206.07,208.83,198.92,202.29,76677114
2025-12-16,253.819864,255.93,274.36,252.56,264.35,41236853
2025-12-16,177.589722,176.74,188.39,174.84,182.3,95078872
2025-12-17,202.123445,201.23,203.81,198.44,201.47,36513955
2025-12-17,249.912204,253.1,261.12,247.33,257.99,125926547
2025-12-17,171.990091,175.06,180.42,170.13,178.91,83816763
2025-12-18,210.481919,209.4,210.95,199.88,206.61,63002648
2025-12-18,251.9901,249.3,255.11,235.18,245.36,50366539
2025-12-18,187.326524,185.57,190.84,184.7,189.09,96932478
2025-12-19,203.132501,204.82,207.34,201.44,202.73,88980759
2025-12-19,247.536238,244.79,261.89,244.45,251.03,101638653
2025-12-19,176.52702,177.39,189.48,174.42,181.89,127720513
2025-12-20,199.056576,200.69,214.31,198.61,204.65,101161314
2025-12-20,263.441752,263.62,265.01,246.75,254.97,100864208
2025-12-20,164.291846,163.55,172.26,159.74,164.36,135287261
2025-12-21,201.681392,202.59,203.52,192.83,199.42,56048603
2025-12-21,262.232126,261.94,276.98,261.0,265.77,99780718
2025-12-21,178.094062,181.46,181.54,170.39,178.72,52373956
2025-12-22,199.499217,199.78,202.21,194.93,196.61,41715017
2025-12-22,253.366197,258.08,258.69,241.85,250.95,41719759
2025-12-22,192.832246,189.37,190.87,185.78,188.09,123615644
2025-12-23,199.443709,198.79,205.49,187.24,196.36,90629829
2025-12-23,253.164251,250.11,253.1,232.61,243.51,88658108
2025-12-23,176.98359,176.69,181.82,172.19,177.52,46237604
2025-12-24,190.808595,189.81,198.18,180.64,189.91,125303026
2025-12-24,251.617048,253.55,259.18,249.87,253.69,97027859
2025-12-24,183.670702,183.0,183.96,177.56,181.32,51428503
2025-12-25,202.433311,206.49,213.87,205.16,207.9,92217951
2025-12-25,250.415124,251.87,256.87,248.86,252.64,80439360
2025-12-25,182.714417,182.84,183.14,174.87,177.59,138812340
2025-12-26,196.69575,200.38,207.59,198.18,202.06,132368266
2025-12-26,237.700725,240.01,248.02,238.77,243.56,60112662
2025-12-26,182.114576,181.85,185.46,178.69,183.77,144728110
2025-12-27,194.098238,191.66,196.64,186.47,194.27,40757716
2025-12-27,237.849505,240.74,252.84,237.72,248.87,148136276
2025-12-27,179.590183,177.95,185.86,173.39,179.71,94197528
2025-12-28,196.4938,200.4,206.32,194.37,199.94,71761915
2025-12-28,249.735397,254.38,258.72,248.25,254.35,111509138
2025-12-28,178.937648,180.36,184.22,174.26,180.3,146611190
2025-12-29,212.035928,208.46,225.2,205.37,215.71,63439430
2025-12-29,245.696283,245.75,256.41,245.08,252.71,57342082
2025-12-29,182.522979,181.14,181.68,173.17,177.83,131822209
2025-12-30,202.762625,203.79,207.43,190.0,197.97,98982888
2025-12-30,244.462133,247.89,253.29,242.99,246.92,144781907
2025-12-30,181.371216,180.61,181.47,168.84,173.71,127920837
2025-12-31,197.819327,199.5,201.73,186.96,194.18,121299230
2025-12-31,237.871048,238.71,246.59,231.77,241.81,117653569
2025-12-31,178.654522,181.11,182.85,171.77,178.78,117762206
2026-01-01,212.568885,209.96,214.06,201.57,210.21,88158930
2026-01-01,258.642847,262.62,264.92,257.5,260.6,32286851
2026-01-01,163.871731,164.91,177.11,163.74,169.92,117272643
2026-01-02,201.024928,201.61,204.97,188.14,197.0,143124718
2026-01-02,240.310152,241.62,249.19,236.32,245.64,92405188
2026-01-02,184.478114,182.82,182.94,179.18,181.42,75779099
2026-01-03,202.903022,201.42,203.06,188.08,197.4,119090257
2026-01-03,262.561049,266.03,266.56,245.77,254.73,103273490
2026-01-03,180.486921,178.19,181.34,171.09,177.65,115222904
2026-01-04,209.696273,213.53,217.53,204.63,213.02,112699305
2026-01-04,241.925141,239.91,249.37,233.83,241.81,78827218
2026-01-04,179.858372,176.83,178.64,171.31,176.39,127583903
2026-01-05,188.45033,190.77,196.62,189.52,194.46,33482410
2026-01-05,238.46534,239.7,255.47,232.92,243.64,113911204
2026-01-05,180.058968,180.26,181.0,177.93,179.29,96648389
2026-01-06,194.287083,195.44,203.11,192.12,197.72,105618570
2026-01-06,234.670952,238.13,249.91,236.84,240.41,116477981
2026-01-06,180.247736,179.06,180.97,172.4,175.28,145487229
2026-01-07,185.869442,189.49,192.28,182.16,189.69,144512777
2026-01-07,247.052324,248.66,259.05,244.17,251.93,95449539
2026-01-07,165.378971,164.5,165.6,158.74,164.09,125466612
2026-01-08,198.992683,197.99,199.04,186.21,194.13,108240681
2026-01-08,246.410938,248.51,256.89,242.37,247.38,72186467
2026-01-08,183.322383,181.2,190.93,174.55,182.13,142963237
2026-01-09,199.067253,202.69,206.73,198.4,200.4,99216562
2026-01-09,263.242188,259.56,260.88,250.43,255.31,31589532
2026-01-09,190.912338,188.21,189.41,177.48,181.26,99298029
2026-01-10,194.298433,194.3,196.12,192.86,194.67,90387254
2026-01-10,256.051254,259.82,261.6,257.38,260.18,143356346
2026-01-10,177.201856,179.9,186.07,173.2,180.55,112824698
2026-01-11,203.284804,204.02,205.36,202.42,203.67,124209834
2026-01-11,264.978832,264.18,268.92,256.26,263.72,86830038
2026-01-11,187.212379,187.95,190.64,176.59,182.85,143990523
2026-01-12,192.398446,188.63,199.05,188.29,196.05,137156437
2026-01-12,253.928972,254.52,264.74,247.25,258.84,120888698
2026-01-12,178.3634,177.97,184.56,176.42,180.65,141139730
2026-01-13,200.533714,201.83,203.04,193.11,199.14,141872939
2026-01-13,228.883292,231.73,249.57,231.33,239.24,53132257
2026-01-13,175.085854,173.12,185.81,172.44,179.55,47423467
2026-01-14,203.293289,200.1,200.54,193.24,196.69,91736259
2026-01-14,246.839869,251.72,253.81,243.3,250.73,93861400
2026-01-14,182.20403,181.76,182.65,172.75,181.3,138684167
2026-01-15,200.239895,199.78,203.02,192.22,195.93,59081673
2026-01-15,240.220557,244.49,249.11,239.5,246.44,131238504
2026-01-15,172.826747,176.06,181.54,173.79,177.01,30588505
2026-01-16,202.750837,201.64,202.76,188.76,198.66,98169824
2026-01-16,249.101665,248.16,249.81,235.98,246.84,85750181
2026-01-16,176.385078,178.55,181.08,173.43,176.29,108070095
2026-01-17,201.491533,199.15,208.71,198.65,204.7,76447511
2026-01-17,228.430776,232.13,240.53,229.27,238.47,118632543
2026-01-17,179.6415,180.37,184.99,175.61,180.78,135131862
2026-01-18,206.268979,203.08,207.82,190.9,198.02,126944472
2026-01-18,241.39838,245.17,247.27,243.14,245.74,82306144
2026-01-18,189.721612,187.53,190.96,180.51,182.68,127401089
2026-01-19,203.617699,203.94,208.62,201.29,203.17,85350305
2026-01-19,238.589255,242.73,259.61,240.02,247.42,121306725
2026-01-19,167.152814,164.64,177.01,163.73,170.29,89799604
2026-01-20,199.202647,198.48,205.42,191.8,197.36,101122173
2026-01-20,269.685321,266.0,267.11,248.03,258.16,93860388
2026-01-20,174.59481,177.22,184.04,175.06,176.28,123423670
2026-01-21,218.240291,216.63,219.48,210.71,213.34,102507510
2026-01-21,267.910317,264.91,266.94,253.98,263.36,87118287
2026-01-21,188.890756,187.27,188.34,182.28,183.47,136194009
2026-01-22,210.878143,206.96,208.87,195.88,199.7,91510149
2026-01-22,250.514947,252.84,268.98,252.68,259.51,106082433
2026-01-22,155.323142,154.97,163.94,154.28,160.36,131283217
2026-01-23,196.669212,197.08,203.1,189.18,196.99,126970303
2026-01-23,252.373345,247.89,258.62,247.54,251.78,127544183
2026-01-23,192.473052,192.58,197.41,188.0,189.38,66123167
2026-01-24,196.339589,192.53,201.43,191.96,199.62,71655337
2026-01-24,242.39206,245.97,248.69,236.39,247.27,145508822
2026-01-24,186.508861,183.42,183.78,179.03,181.81,136952418
2026-01-25,196.23908,199.94,204.78,196.31,199.76,112362667
2026-01-25,254.155363,255.45,262.25,251.64,254.81,105448984
2026-01-25,174.363992,176.31,176.84,171.06,173.67,125094156
2026-01-26,194.299691,191.58,196.67,187.66,194.78,112919655
2026-01-26,248.172646,248.24,258.66,242.53,250.48,108498861
2026-01-26,184.640111,184.22,186.33,176.34,184.82,138108102
2026-01-27,205.370039,205.41,210.5,200.19,202.57,55793989
2026-01-27,246.585528,247.71,253.86,235.46,244.89,146482352
2026-01-27,172.485205,175.99,176.17,162.75,171.22,83745277
2026-01-28,227.040985,227.5,230.92,215.47,221.33,131657049
2026-01-28,248.378746,253.14,256.79,251.87,253.65,136561425
2026-01-28,179.567199,179.62,180.59,176.36,177.87,75124875
2026-01-29,211.234984,207.11,208.06,197.16,201.1,46323472
2026-01-29,242.576836,244.7,248.22,237.71,239.05,105573660
2026-01-29,175.061163,176.39,185.09,174.97,179.42,77381050
2026-01-30,202.267672,205.69,213.13,202.28,203.52,47743153
2026-01-30,241.763036,243.3,253.15,235.76,248.08,36438731
2026-01-30,180.02954,177.87,182.29,175.22,179.28,109790012
2026-01-31,202.822661,201.83,204.21,190.91,198.5,111317619
2026-01-31,246.554166,244.77,263.31,241.57,251.72,44063569
2026-01-31,177.955817,177.26,185.15,168.99,177.17,94996116
2026-02-01,204.953259,206.53,208.32,200.52,201.56,134978046
2026-02-01,256.31539,257.03,269.0,253.68,259.98,77869562
2026-02-01,187.812477,184.94,188.43,180.42,183.01,87707773
2026-02-02,211.957937,208.97,211.3,199.93,204.77,83976132
2026-02-02,250.434711,249.13,254.71,245.24,250.26,38752903
2026-02-02,184.183342,181.73,182.77,177.06,181.46,148354562
2026-02-03,195.569219,194.42,199.42,192.7,193.67,64999314
2026-02-03,243.60427,247.72,254.9,241.58,252.1,143734988
2026-02-03,173.766444,170.95,184.52,169.49,178.12,141076134
2026-02-04,206.84807,206.17,211.78,202.5,206.35,109801481
2026-02-04,243.312779,246.82,247.35,232.91,235.97,142916341
2026-02-04,175.51882,173.31,181.05,170.87,175.62,108342732
2026-02-05,203.708665,203.4,205.77,199.06,200.83,130663580
2026-02-05,256.354049,254.72,259.16,251.74,256.91,59808155
2026-02-05,175.219613,178.01,182.58,172.66,175.89,47177262
2026-02-06,190.772377,189.61,200.57,186.2,192.78,57876960
2026-02-06,261.267771,261.82,263.08,251.44,258.11,111733828
2026-02-06,168.244116,170.16,174.62,164.91,168.79,88758700
2026-02-07,200.58874,198.05,202.73,197.65,200.22,95765232
2026-02-07,244.157876,239.44,250.34,236.07,242.18,66641340
2026-02-07,186.566765,183.49,190.23,181.13,182.66,139140159
2026-02-08,204.130691,202.1,209.57,201.69,204.77,93944242
2026-02-08,242.932335,238.29,240.61,238.16,239.4,102869372
2026-02-08,189.226299,187.27,187.78,176.31,185.23,86806372
2026-02-09,201.695052,202.68,208.51,199.71,202.66,73074700
2026-02-09,243.900105,246.86,250.01,244.58,248.45,126860453
2026-02-09,183.518275,181.8,186.66,179.38,180.52,50100335
2026-02-10,194.309661,198.22,201.95,196.01,197.12,68402457
2026-02-10,249.501175,253.31,261.78,241.55,249.65,80194287
2026-02-10,183.828614,185.75,191.98,175.42,184.46,146034940
2026-02-11,188.418266,192.05,198.49,183.07,191.87,101235570
2026-02-11,268.771572,266.37,269.67,251.97,257.3,65704327
2026-02-11,192.411615,189.26,189.66,179.08,182.0,100702453
2026-02-12,195.060368,191.27,201.94,189.98,197.26,104946176
2026-02-12,263.610924,263.17,273.16,250.67,261.57,116661188
2026-02-12,175.960174,174.85,178.06,167.54,172.96,58604848
2026-02-13,205.802809,202.78,204.27,191.47,198.75,107131159
2026-02-13,264.634107,263.94,271.07,253.73,260.21,71102589
2026-02-13,192.066093,189.68,193.75,188.61,190.39,143103677
2026-02-14,198.467517,199.55,213.3,198.75,204.04,138653790
2026-02-14,247.981376,251.85,262.81,249.48,258.81,97115144
2026-02-14,187.466972,185.48,187.31,170.74,178.75,46138112
2026-02-15,206.852571,205.02,209.48,195.38,200.62,50456130
2026-02-15,240.64112,244.22,257.21,236.31,246.81,98734594
2026-02-15,173.42887,175.41,175.45,173.14,174.04,117224181
2026-02-16,195.400713,195.84,199.33,188.57,197.0,63614029
2026-02-16,246.835904,242.22,252.72,240.39,243.48,53754684
2026-02-16,187.2224,184.32,184.71,175.46,179.72,125705356
2026-02-17,197.592839,194.75,203.51,191.72,201.32,127016211
2026-02-17,237.658289,241.7,248.75,240.19,246.86,148015609
2026-02-17,185.645919,184.42,184.75,175.16,178.56,120496763
2026-02-18,204.849193,202.15,207.91,194.81,202.84,127718021
2026-02-18,261.26847,258.22,267.88,244.85,255.89,34518544
2026-02-18,178.07511,175.58,181.22,171.72,179.6,35621159
2026-02-19,196.946843,199.29,201.23,198.3,199.97,121885855
2026-02-19,249.29932,253.43,256.0,252.67,254.18,90776661
2026-02-19,178.472281,176.01,184.73,175.09,181.3,45065388
2026-02-20,200.852588,197.85,199.4,195.14,196.86,38008878
2026-02-20,253.251126,257.6,269.83,254.02,258.22,102992561
2026-02-20,178.784748,178.26,192.63,176.08,183.66,126070182
2026-02-21,194.042971,196.86,200.73,193.27,196.91,121205067
2026-02-21,236.991217,236.32,249.25,232.19,243.5,105378839
2026-02-21,188.744505,189.31,189.49,174.56,182.9,76635765
2026-02-22,198.693266,202.61,202.65,192.07,199.77,107663315
2026-02-22,247.442955,246.74,251.52,242.64,250.04,75765247
2026-02-22,181.23996,181.62,184.35,176.36,179.79,58949180
2026-02-23,227.363856,224.25,225.38,210.03,215.75,138737376
2026-02-23,254.840373,255.02,267.82,250.42,260.58,141832497
2026-02-23,182.608714,182.24,192.73,175.47,184.27,146385279
2026-02-24,210.737723,208.92,212.94,197.7,202.85,52938730
2026-02-24,242.740243,239.1,253.01,232.98,241.66,97600905
2026-02-24,180.783088,179.49,185.41,176.78,179.09,136420291
2026-02-25,205.322504,202.29,204.21,198.04,201.36,123207340
2026-02-25,247.748211,248.6,249.37,241.4,243.96,85470560
2026-02-25,176.279761,174.6,175.1,167.89,170.47,84124735
2026-02-26,193.522366,191.61,197.41,186.83,193.99,134165701
2026-02-26,243.591569,243.59,250.68,243.29,246.24,48388803
2026-02-26,176.079403,177.45,183.62,171.4,177.17,44109107
2026-02-27,202.662326,200.85,203.56,191.95,201.69,132024568
2026-02-27,259.031071,256.17,260.93,249.23,256.05,63406972
2026-02-27,173.053902,173.77,183.27,170.97,174.81,33330394
2026-02-28,195.03342,199.0,204.32,188.93,194.77,50572597
2026-02-28,250.345136,250.04,262.04,248.51,250.09,74624954
2026-02-28,187.627679,185.2,187.53,181.69,186.38,94823426
2026-03-01,205.398334,201.71,202.15,198.93,200.87,90787314
2026-03-01,246.713986,244.54,256.82,242.87,247.48,54776627
2026-03-01,182.106012,184.05,187.33,181.32,184.89,53949340
2026-03-02,202.789425,198.89,200.51,186.14,194.09,50835522
2026-03-02,259.707553,261.85,264.17,250.33,256.48,131581278
2026-03-02,192.747005,190.18,199.01,183.26,191.34,36768128
2026-03-03,193.991692,192.53,195.77,181.06,189.47,149236644
2026-03-03,249.863973,251.18,258.68,246.41,248.98,148014600
2026-03-03,175.212842,173.95,181.6,172.01,179.95,48142660
2026-03-04,184.58187,183.22,196.47,182.7,189.85,55244216
2026-03-04,243.495704,246.51,254.23,241.99,248.78,111205964
2026-03-04,180.053732,179.81,185.16,173.05,180.92,31055285
2026-03-05,204.529421,203.69,215.89,199.37,207.0,140681310
2026-03-05,251.311425,247.77,251.62,234.27,245.55,79108080
2026-03-05,183.900234,186.3,186.69,182.67,184.33,138657402
2026-03-06,201.160321,201.3,204.59,190.47,197.36,101166910
2026-03-06,243.588922,240.39,249.5,230.38,241.82,38270976
2026-03-06,180.860906,183.9,187.88,180.12,184.15,69802398
2026-03-07,194.122036,191.73,203.22,190.78,199.03,136117015
2026-03-07,238.347712,239.81,243.71,236.79,239.53,39111480
2026-03-07,176.247022,175.38,180.62,174.54,175.73,32218997
2026-03-08,204.208598,201.15,204.11,193.68,196.85,103809348
2026-03-08,253.165374,255.73,256.49,250.52,253.53,71223766
2026-03-08,192.883296,192.54,193.62,181.64,188.22,82992258
2026-03-09,200.112671,200.7,203.86,187.13,196.85,81718117
2026-03-09,258.906345,255.27,258.44,239.01,250.96,47217352
2026-03-09,181.217787,181.92,184.52,175.6,180.55,144427575
2026-03-10,208.070387,211.41,213.66,203.48,207.28,41732750
2026-03-10,232.257461,235.02,241.45,231.87,239.85,52235493
2026-03-10,176.069845,175.41,183.87,170.63,177.02,122199832
2026-03-11,201.606336,199.44,217.21,198.68,207.03,104557456
2026-03-11,257.865598,254.53,261.87,245.48,252.1,77859322
2026-03-11,175.415015,176.82,180.94,173.21,177.34,102252796
2026-03-12,202.440611,199.93,209.37,197.53,202.4,44795137
2026-03-12,245.462763,244.34,255.28,242.67,245.23,75063663
2026-03-12,184.351296,181.85,186.49,181.67,183.9,109152999
2026-03-13,201.81143,201.23,211.72,200.65,202.5,141914175
2026-03-13,257.348288,255.54,263.74,255.49,257.06,45312726
2026-03-13,178.318413,180.99,182.92,173.44,180.93,100146492
2026-03-14,189.472628,188.8,201.73,188.72,195.99,144128610
2026-03-14,241.649341,239.44,251.05,233.07,243.39,143792284
2026-03-14,180.274488,180.66,182.13,173.04,179.94,43891139
2026-03-15,201.507851,202.25,204.95,195.97,200.97,83358765
2026-03-15,245.936539,244.53,248.8,241.4,245.22,63809451
2026-03-15,189.608394,192.9,194.92,186.01,188.79,42241989
2026-03-16,206.751417,204.11,208.76,192.63,200.8,144051037
2026-03-16,250.286418,248.19,256.98,245.45,248.8,67513366
2026-03-16,183.421696,180.12,189.95,179.04,182.78,50103598
2026-03-17,189.023488,189.49,195.89,181.72,190.86,118098134
2026-03-17,253.275219,257.49,265.04,246.71,256.95,143885872
2026-03-17,178.579225,179.17,190.53,178.05,183.55,69647892
2026-03-18,185.756816,188.66,196.48,188.25,190.58,60294736
2026-03-18,237.1242,239.65,244.35,239.35,241.21,57307048
2026-03-18,182.312566,181.24,184.37,180.76,181.93,118816755
2026-03-19,199.332387,198.24,204.67,195.24,196.84,80224405
2026-03-19,256.419633,256.8,257.52,240.93,250.42,147108255
2026-03-19,176.476605,173.84,177.42,167.33,174.71,44400733
2026-03-20,207.190397,203.54,208.29,196.5,202.79,143062395
2026-03-20,259.048312,263.93,266.34,252.05,255.53,61372039
2026-03-20,185.106225,183.27,185.75,170.87,177.34,89397212
2026-03-21,208.533611,208.91,213.1,198.49,204.1,111284536
2026-03-21,260.608971,257.89,258.49,241.32,253.91,55727570
2026-03-21,183.148384,183.11,184.86,179.04,183.01,145747382
2026-03-22,200.194975,198.24,200.32,194.06,196.68,95280127
2026-03-22,254.761483,252.79,256.17,247.94,253.3,127146616
2026-03-22,174.67277,174.82,182.66,173.63,178.41,81431471
2026-03-23,197.766687,197.93,202.37,190.26,199.89,139967605
2026-03-23,238.781971,243.38,249.54,234.86,246.12,65922519
2026-03-23,179.541815,181.65,183.4,176.12,180.59,48490239
2026-03-24,191.665552,193.57,199.33,192.75,196.2,38898734
2026-03-24,257.92146,257.78,259.73,248.95,253.31,111684412
2026-03-24,192.808397,191.77,196.87,183.69,188.95,113665703
